TCI,mask
tile_0-0.jp2,mask_tile_0-0.jp2
tile_0-1024.jp2,mask_tile_0-1024.jp2
tile_0-10240.jp2,mask_tile_0-10240.jp2
tile_0-10496.jp2,mask_tile_0-10496.jp2
tile_0-10752.jp2,mask_tile_0-10752.jp2
tile_0-1280.jp2,mask_tile_0-1280.jp2
tile_0-1536.jp2,mask_tile_0-1536.jp2
tile_0-1792.jp2,mask_tile_0-1792.jp2
tile_0-2048.jp2,mask_tile_0-2048.jp2
tile_0-2304.jp2,mask_tile_0-2304.jp2
tile_0-256.jp2,mask_tile_0-256.jp2
tile_0-2560.jp2,mask_tile_0-2560.jp2
tile_0-2816.jp2,mask_tile_0-2816.jp2
tile_0-3072.jp2,mask_tile_0-3072.jp2
tile_0-3328.jp2,mask_tile_0-3328.jp2
tile_0-3584.jp2,mask_tile_0-3584.jp2
tile_0-3840.jp2,mask_tile_0-3840.jp2
tile_0-4096.jp2,mask_tile_0-4096.jp2
tile_0-4352.jp2,mask_tile_0-4352.jp2
tile_0-4608.jp2,mask_tile_0-4608.jp2
tile_0-4864.jp2,mask_tile_0-4864.jp2
tile_0-512.jp2,mask_tile_0-512.jp2
tile_0-5120.jp2,mask_tile_0-5120.jp2
tile_0-5376.jp2,mask_tile_0-5376.jp2
tile_0-5632.jp2,mask_tile_0-5632.jp2
tile_0-5888.jp2,mask_tile_0-5888.jp2
tile_0-6144.jp2,mask_tile_0-6144.jp2
tile_0-6400.jp2,mask_tile_0-6400.jp2
tile_0-6656.jp2,mask_tile_0-6656.jp2
tile_0-6912.jp2,mask_tile_0-6912.jp2
tile_0-7168.jp2,mask_tile_0-7168.jp2
tile_0-7424.jp2,mask_tile_0-7424.jp2
tile_0-768.jp2,mask_tile_0-768.jp2
tile_0-7680.jp2,mask_tile_0-7680.jp2
tile_0-7936.jp2,mask_tile_0-7936.jp2
tile_0-8192.jp2,mask_tile_0-8192.jp2
tile_0-8448.jp2,mask_tile_0-8448.jp2
tile_0-8704.jp2,mask_tile_0-8704.jp2
tile_0-8960.jp2,mask_tile_0-8960.jp2
tile_0-9216.jp2,mask_tile_0-9216.jp2
tile_0-9472.jp2,mask_tile_0-9472.jp2
tile_0-9728.jp2,mask_tile_0-9728.jp2
tile_0-9984.jp2,mask_tile_0-9984.jp2
tile_1024-0.jp2,mask_tile_1024-0.jp2
tile_1024-1024.jp2,mask_tile_1024-1024.jp2
tile_1024-10240.jp2,mask_tile_1024-10240.jp2
tile_1024-10496.jp2,mask_tile_1024-10496.jp2
tile_1024-10752.jp2,mask_tile_1024-10752.jp2
tile_1024-1280.jp2,mask_tile_1024-1280.jp2
tile_1024-1536.jp2,mask_tile_1024-1536.jp2
tile_1024-1792.jp2,mask_tile_1024-1792.jp2
tile_1024-2048.jp2,mask_tile_1024-2048.jp2
tile_1024-2304.jp2,mask_tile_1024-2304.jp2
tile_1024-256.jp2,mask_tile_1024-256.jp2
tile_1024-2560.jp2,mask_tile_1024-2560.jp2
tile_1024-2816.jp2,mask_tile_1024-2816.jp2
tile_1024-3072.jp2,mask_tile_1024-3072.jp2
tile_1024-3328.jp2,mask_tile_1024-3328.jp2
tile_1024-3584.jp2,mask_tile_1024-3584.jp2
tile_1024-3840.jp2,mask_tile_1024-3840.jp2
tile_1024-4096.jp2,mask_tile_1024-4096.jp2
tile_1024-4352.jp2,mask_tile_1024-4352.jp2
tile_1024-4608.jp2,mask_tile_1024-4608.jp2
tile_1024-4864.jp2,mask_tile_1024-4864.jp2
tile_1024-512.jp2,mask_tile_1024-512.jp2
tile_1024-5120.jp2,mask_tile_1024-5120.jp2
tile_1024-5376.jp2,mask_tile_1024-5376.jp2
tile_1024-5632.jp2,mask_tile_1024-5632.jp2
tile_1024-5888.jp2,mask_tile_1024-5888.jp2
tile_1024-6144.jp2,mask_tile_1024-6144.jp2
tile_1024-6400.jp2,mask_tile_1024-6400.jp2
tile_1024-6656.jp2,mask_tile_1024-6656.jp2
tile_1024-6912.jp2,mask_tile_1024-6912.jp2
tile_1024-7168.jp2,mask_tile_1024-7168.jp2
tile_1024-7424.jp2,mask_tile_1024-7424.jp2
tile_1024-768.jp2,mask_tile_1024-768.jp2
tile_1024-7680.jp2,mask_tile_1024-7680.jp2
tile_1024-7936.jp2,mask_tile_1024-7936.jp2
tile_1024-8192.jp2,mask_tile_1024-8192.jp2
tile_1024-8448.jp2,mask_tile_1024-8448.jp2
tile_1024-8704.jp2,mask_tile_1024-8704.jp2
tile_1024-8960.jp2,mask_tile_1024-8960.jp2
tile_1024-9216.jp2,mask_tile_1024-9216.jp2
tile_1024-9472.jp2,mask_tile_1024-9472.jp2
tile_1024-9728.jp2,mask_tile_1024-9728.jp2
tile_1024-9984.jp2,mask_tile_1024-9984.jp2
tile_10240-0.jp2,mask_tile_10240-0.jp2
tile_10240-1024.jp2,mask_tile_10240-1024.jp2
tile_10240-10240.jp2,mask_tile_10240-10240.jp2
tile_10240-10496.jp2,mask_tile_10240-10496.jp2
tile_10240-10752.jp2,mask_tile_10240-10752.jp2
tile_10240-1280.jp2,mask_tile_10240-1280.jp2
tile_10240-1536.jp2,mask_tile_10240-1536.jp2
tile_10240-1792.jp2,mask_tile_10240-1792.jp2
tile_10240-2048.jp2,mask_tile_10240-2048.jp2
tile_10240-2304.jp2,mask_tile_10240-2304.jp2
tile_10240-256.jp2,mask_tile_10240-256.jp2
tile_10240-2560.jp2,mask_tile_10240-2560.jp2
tile_10240-2816.jp2,mask_tile_10240-2816.jp2
tile_10240-3072.jp2,mask_tile_10240-3072.jp2
tile_10240-3328.jp2,mask_tile_10240-3328.jp2
tile_10240-3584.jp2,mask_tile_10240-3584.jp2
tile_10240-3840.jp2,mask_tile_10240-3840.jp2
tile_10240-4096.jp2,mask_tile_10240-4096.jp2
tile_10240-4352.jp2,mask_tile_10240-4352.jp2
tile_10240-4608.jp2,mask_tile_10240-4608.jp2
tile_10240-4864.jp2,mask_tile_10240-4864.jp2
tile_10240-512.jp2,mask_tile_10240-512.jp2
tile_10240-5120.jp2,mask_tile_10240-5120.jp2
tile_10240-5376.jp2,mask_tile_10240-5376.jp2
tile_10240-5632.jp2,mask_tile_10240-5632.jp2
tile_10240-5888.jp2,mask_tile_10240-5888.jp2
tile_10240-6144.jp2,mask_tile_10240-6144.jp2
tile_10240-6400.jp2,mask_tile_10240-6400.jp2
tile_10240-6656.jp2,mask_tile_10240-6656.jp2
tile_10240-6912.jp2,mask_tile_10240-6912.jp2
tile_10240-7168.jp2,mask_tile_10240-7168.jp2
tile_10240-7424.jp2,mask_tile_10240-7424.jp2
tile_10240-768.jp2,mask_tile_10240-768.jp2
tile_10240-7680.jp2,mask_tile_10240-7680.jp2
tile_10240-7936.jp2,mask_tile_10240-7936.jp2
tile_10240-8192.jp2,mask_tile_10240-8192.jp2
tile_10240-8448.jp2,mask_tile_10240-8448.jp2
tile_10240-8704.jp2,mask_tile_10240-8704.jp2
tile_10240-8960.jp2,mask_tile_10240-8960.jp2
tile_10240-9216.jp2,mask_tile_10240-9216.jp2
tile_10240-9472.jp2,mask_tile_10240-9472.jp2
tile_10240-9728.jp2,mask_tile_10240-9728.jp2
tile_10240-9984.jp2,mask_tile_10240-9984.jp2
tile_10496-0.jp2,mask_tile_10496-0.jp2
tile_10496-1024.jp2,mask_tile_10496-1024.jp2
tile_10496-10240.jp2,mask_tile_10496-10240.jp2
tile_10496-10496.jp2,mask_tile_10496-10496.jp2
tile_10496-10752.jp2,mask_tile_10496-10752.jp2
tile_10496-1280.jp2,mask_tile_10496-1280.jp2
tile_10496-1536.jp2,mask_tile_10496-1536.jp2
tile_10496-1792.jp2,mask_tile_10496-1792.jp2
tile_10496-2048.jp2,mask_tile_10496-2048.jp2
tile_10496-2304.jp2,mask_tile_10496-2304.jp2
tile_10496-256.jp2,mask_tile_10496-256.jp2
tile_10496-2560.jp2,mask_tile_10496-2560.jp2
tile_10496-2816.jp2,mask_tile_10496-2816.jp2
tile_10496-3072.jp2,mask_tile_10496-3072.jp2
tile_10496-3328.jp2,mask_tile_10496-3328.jp2
tile_10496-3584.jp2,mask_tile_10496-3584.jp2
tile_10496-3840.jp2,mask_tile_10496-3840.jp2
tile_10496-4096.jp2,mask_tile_10496-4096.jp2
tile_10496-4352.jp2,mask_tile_10496-4352.jp2
tile_10496-4608.jp2,mask_tile_10496-4608.jp2
tile_10496-4864.jp2,mask_tile_10496-4864.jp2
tile_10496-512.jp2,mask_tile_10496-512.jp2
tile_10496-5120.jp2,mask_tile_10496-5120.jp2
tile_10496-5376.jp2,mask_tile_10496-5376.jp2
tile_10496-5632.jp2,mask_tile_10496-5632.jp2
tile_10496-5888.jp2,mask_tile_10496-5888.jp2
tile_10496-6144.jp2,mask_tile_10496-6144.jp2
tile_10496-6400.jp2,mask_tile_10496-6400.jp2
tile_10496-6656.jp2,mask_tile_10496-6656.jp2
tile_10496-6912.jp2,mask_tile_10496-6912.jp2
tile_10496-7168.jp2,mask_tile_10496-7168.jp2
tile_10496-7424.jp2,mask_tile_10496-7424.jp2
tile_10496-768.jp2,mask_tile_10496-768.jp2
tile_10496-7680.jp2,mask_tile_10496-7680.jp2
tile_10496-7936.jp2,mask_tile_10496-7936.jp2
tile_10496-8192.jp2,mask_tile_10496-8192.jp2
tile_10496-8448.jp2,mask_tile_10496-8448.jp2
tile_10496-8704.jp2,mask_tile_10496-8704.jp2
tile_10496-8960.jp2,mask_tile_10496-8960.jp2
tile_10496-9216.jp2,mask_tile_10496-9216.jp2
tile_10496-9472.jp2,mask_tile_10496-9472.jp2
tile_10496-9728.jp2,mask_tile_10496-9728.jp2
tile_10496-9984.jp2,mask_tile_10496-9984.jp2
tile_10752-0.jp2,mask_tile_10752-0.jp2
tile_10752-1024.jp2,mask_tile_10752-1024.jp2
tile_10752-10240.jp2,mask_tile_10752-10240.jp2
tile_10752-10496.jp2,mask_tile_10752-10496.jp2
tile_10752-10752.jp2,mask_tile_10752-10752.jp2
tile_10752-1280.jp2,mask_tile_10752-1280.jp2
tile_10752-1536.jp2,mask_tile_10752-1536.jp2
tile_10752-1792.jp2,mask_tile_10752-1792.jp2
tile_10752-2048.jp2,mask_tile_10752-2048.jp2
tile_10752-2304.jp2,mask_tile_10752-2304.jp2
tile_10752-256.jp2,mask_tile_10752-256.jp2
tile_10752-2560.jp2,mask_tile_10752-2560.jp2
tile_10752-2816.jp2,mask_tile_10752-2816.jp2
tile_10752-3072.jp2,mask_tile_10752-3072.jp2
tile_10752-3328.jp2,mask_tile_10752-3328.jp2
tile_10752-3584.jp2,mask_tile_10752-3584.jp2
tile_10752-3840.jp2,mask_tile_10752-3840.jp2
tile_10752-4096.jp2,mask_tile_10752-4096.jp2
tile_10752-4352.jp2,mask_tile_10752-4352.jp2
tile_10752-4608.jp2,mask_tile_10752-4608.jp2
tile_10752-4864.jp2,mask_tile_10752-4864.jp2
tile_10752-512.jp2,mask_tile_10752-512.jp2
tile_10752-5120.jp2,mask_tile_10752-5120.jp2
tile_10752-5376.jp2,mask_tile_10752-5376.jp2
tile_10752-5632.jp2,mask_tile_10752-5632.jp2
tile_10752-5888.jp2,mask_tile_10752-5888.jp2
tile_10752-6144.jp2,mask_tile_10752-6144.jp2
tile_10752-6400.jp2,mask_tile_10752-6400.jp2
tile_10752-6656.jp2,mask_tile_10752-6656.jp2
tile_10752-6912.jp2,mask_tile_10752-6912.jp2
tile_10752-7168.jp2,mask_tile_10752-7168.jp2
tile_10752-7424.jp2,mask_tile_10752-7424.jp2
tile_10752-768.jp2,mask_tile_10752-768.jp2
tile_10752-7680.jp2,mask_tile_10752-7680.jp2
tile_10752-7936.jp2,mask_tile_10752-7936.jp2
tile_10752-8192.jp2,mask_tile_10752-8192.jp2
tile_10752-8448.jp2,mask_tile_10752-8448.jp2
tile_10752-8704.jp2,mask_tile_10752-8704.jp2
tile_10752-8960.jp2,mask_tile_10752-8960.jp2
tile_10752-9216.jp2,mask_tile_10752-9216.jp2
tile_10752-9472.jp2,mask_tile_10752-9472.jp2
tile_10752-9728.jp2,mask_tile_10752-9728.jp2
tile_10752-9984.jp2,mask_tile_10752-9984.jp2
tile_1280-0.jp2,mask_tile_1280-0.jp2
tile_1280-1024.jp2,mask_tile_1280-1024.jp2
tile_1280-10240.jp2,mask_tile_1280-10240.jp2
tile_1280-10496.jp2,mask_tile_1280-10496.jp2
tile_1280-10752.jp2,mask_tile_1280-10752.jp2
tile_1280-1280.jp2,mask_tile_1280-1280.jp2
tile_1280-1536.jp2,mask_tile_1280-1536.jp2
tile_1280-1792.jp2,mask_tile_1280-1792.jp2
tile_1280-2048.jp2,mask_tile_1280-2048.jp2
tile_1280-2304.jp2,mask_tile_1280-2304.jp2
tile_1280-256.jp2,mask_tile_1280-256.jp2
tile_1280-2560.jp2,mask_tile_1280-2560.jp2
tile_1280-2816.jp2,mask_tile_1280-2816.jp2
tile_1280-3072.jp2,mask_tile_1280-3072.jp2
tile_1280-3328.jp2,mask_tile_1280-3328.jp2
tile_1280-3584.jp2,mask_tile_1280-3584.jp2
tile_1280-3840.jp2,mask_tile_1280-3840.jp2
tile_1280-4096.jp2,mask_tile_1280-4096.jp2
tile_1280-4352.jp2,mask_tile_1280-4352.jp2
tile_1280-4608.jp2,mask_tile_1280-4608.jp2
tile_1280-4864.jp2,mask_tile_1280-4864.jp2
tile_1280-512.jp2,mask_tile_1280-512.jp2
tile_1280-5120.jp2,mask_tile_1280-5120.jp2
tile_1280-5376.jp2,mask_tile_1280-5376.jp2
tile_1280-5632.jp2,mask_tile_1280-5632.jp2
tile_1280-5888.jp2,mask_tile_1280-5888.jp2
tile_1280-6144.jp2,mask_tile_1280-6144.jp2
tile_1280-6400.jp2,mask_tile_1280-6400.jp2
tile_1280-6656.jp2,mask_tile_1280-6656.jp2
tile_1280-6912.jp2,mask_tile_1280-6912.jp2
tile_1280-7168.jp2,mask_tile_1280-7168.jp2
tile_1280-7424.jp2,mask_tile_1280-7424.jp2
tile_1280-768.jp2,mask_tile_1280-768.jp2
tile_1280-7680.jp2,mask_tile_1280-7680.jp2
tile_1280-7936.jp2,mask_tile_1280-7936.jp2
tile_1280-8192.jp2,mask_tile_1280-8192.jp2
tile_1280-8448.jp2,mask_tile_1280-8448.jp2
tile_1280-8704.jp2,mask_tile_1280-8704.jp2
tile_1280-8960.jp2,mask_tile_1280-8960.jp2
tile_1280-9216.jp2,mask_tile_1280-9216.jp2
tile_1280-9472.jp2,mask_tile_1280-9472.jp2
tile_1280-9728.jp2,mask_tile_1280-9728.jp2
tile_1280-9984.jp2,mask_tile_1280-9984.jp2
tile_1536-0.jp2,mask_tile_1536-0.jp2
tile_1536-1024.jp2,mask_tile_1536-1024.jp2
tile_1536-10240.jp2,mask_tile_1536-10240.jp2
tile_1536-10496.jp2,mask_tile_1536-10496.jp2
tile_1536-10752.jp2,mask_tile_1536-10752.jp2
tile_1536-1280.jp2,mask_tile_1536-1280.jp2
tile_1536-1536.jp2,mask_tile_1536-1536.jp2
tile_1536-1792.jp2,mask_tile_1536-1792.jp2
tile_1536-2048.jp2,mask_tile_1536-2048.jp2
tile_1536-2304.jp2,mask_tile_1536-2304.jp2
tile_1536-256.jp2,mask_tile_1536-256.jp2
tile_1536-2560.jp2,mask_tile_1536-2560.jp2
tile_1536-2816.jp2,mask_tile_1536-2816.jp2
tile_1536-3072.jp2,mask_tile_1536-3072.jp2
tile_1536-3328.jp2,mask_tile_1536-3328.jp2
tile_1536-3584.jp2,mask_tile_1536-3584.jp2
tile_1536-3840.jp2,mask_tile_1536-3840.jp2
tile_1536-4096.jp2,mask_tile_1536-4096.jp2
tile_1536-4352.jp2,mask_tile_1536-4352.jp2
tile_1536-4608.jp2,mask_tile_1536-4608.jp2
tile_1536-4864.jp2,mask_tile_1536-4864.jp2
tile_1536-512.jp2,mask_tile_1536-512.jp2
tile_1536-5120.jp2,mask_tile_1536-5120.jp2
tile_1536-5376.jp2,mask_tile_1536-5376.jp2
tile_1536-5632.jp2,mask_tile_1536-5632.jp2
tile_1536-5888.jp2,mask_tile_1536-5888.jp2
tile_1536-6144.jp2,mask_tile_1536-6144.jp2
tile_1536-6400.jp2,mask_tile_1536-6400.jp2
tile_1536-6656.jp2,mask_tile_1536-6656.jp2
tile_1536-6912.jp2,mask_tile_1536-6912.jp2
tile_1536-7168.jp2,mask_tile_1536-7168.jp2
tile_1536-7424.jp2,mask_tile_1536-7424.jp2
tile_1536-768.jp2,mask_tile_1536-768.jp2
tile_1536-7680.jp2,mask_tile_1536-7680.jp2
tile_1536-7936.jp2,mask_tile_1536-7936.jp2
tile_1536-8192.jp2,mask_tile_1536-8192.jp2
tile_1536-8448.jp2,mask_tile_1536-8448.jp2
tile_1536-8704.jp2,mask_tile_1536-8704.jp2
tile_1536-8960.jp2,mask_tile_1536-8960.jp2
tile_1536-9216.jp2,mask_tile_1536-9216.jp2
tile_1536-9472.jp2,mask_tile_1536-9472.jp2
tile_1536-9728.jp2,mask_tile_1536-9728.jp2
tile_1536-9984.jp2,mask_tile_1536-9984.jp2
tile_1792-0.jp2,mask_tile_1792-0.jp2
tile_1792-1024.jp2,mask_tile_1792-1024.jp2
tile_1792-10240.jp2,mask_tile_1792-10240.jp2
tile_1792-10496.jp2,mask_tile_1792-10496.jp2
tile_1792-10752.jp2,mask_tile_1792-10752.jp2
tile_1792-1280.jp2,mask_tile_1792-1280.jp2
tile_1792-1536.jp2,mask_tile_1792-1536.jp2
tile_1792-1792.jp2,mask_tile_1792-1792.jp2
tile_1792-2048.jp2,mask_tile_1792-2048.jp2
tile_1792-2304.jp2,mask_tile_1792-2304.jp2
tile_1792-256.jp2,mask_tile_1792-256.jp2
tile_1792-2560.jp2,mask_tile_1792-2560.jp2
tile_1792-2816.jp2,mask_tile_1792-2816.jp2
tile_1792-3072.jp2,mask_tile_1792-3072.jp2
tile_1792-3328.jp2,mask_tile_1792-3328.jp2
tile_1792-3584.jp2,mask_tile_1792-3584.jp2
tile_1792-3840.jp2,mask_tile_1792-3840.jp2
tile_1792-4096.jp2,mask_tile_1792-4096.jp2
tile_1792-4352.jp2,mask_tile_1792-4352.jp2
tile_1792-4608.jp2,mask_tile_1792-4608.jp2
tile_1792-4864.jp2,mask_tile_1792-4864.jp2
tile_1792-512.jp2,mask_tile_1792-512.jp2
tile_1792-5120.jp2,mask_tile_1792-5120.jp2
tile_1792-5376.jp2,mask_tile_1792-5376.jp2
tile_1792-5632.jp2,mask_tile_1792-5632.jp2
tile_1792-5888.jp2,mask_tile_1792-5888.jp2
tile_1792-6144.jp2,mask_tile_1792-6144.jp2
tile_1792-6400.jp2,mask_tile_1792-6400.jp2
tile_1792-6656.jp2,mask_tile_1792-6656.jp2
tile_1792-6912.jp2,mask_tile_1792-6912.jp2
tile_1792-7168.jp2,mask_tile_1792-7168.jp2
tile_1792-7424.jp2,mask_tile_1792-7424.jp2
tile_1792-768.jp2,mask_tile_1792-768.jp2
tile_1792-7680.jp2,mask_tile_1792-7680.jp2
tile_1792-7936.jp2,mask_tile_1792-7936.jp2
tile_1792-8192.jp2,mask_tile_1792-8192.jp2
tile_1792-8448.jp2,mask_tile_1792-8448.jp2
tile_1792-8704.jp2,mask_tile_1792-8704.jp2
tile_1792-8960.jp2,mask_tile_1792-8960.jp2
tile_1792-9216.jp2,mask_tile_1792-9216.jp2
tile_1792-9472.jp2,mask_tile_1792-9472.jp2
tile_1792-9728.jp2,mask_tile_1792-9728.jp2
tile_1792-9984.jp2,mask_tile_1792-9984.jp2
tile_2048-0.jp2,mask_tile_2048-0.jp2
tile_2048-1024.jp2,mask_tile_2048-1024.jp2
tile_2048-10240.jp2,mask_tile_2048-10240.jp2
tile_2048-10496.jp2,mask_tile_2048-10496.jp2
tile_2048-10752.jp2,mask_tile_2048-10752.jp2
tile_2048-1280.jp2,mask_tile_2048-1280.jp2
tile_2048-1536.jp2,mask_tile_2048-1536.jp2
tile_2048-1792.jp2,mask_tile_2048-1792.jp2
tile_2048-2048.jp2,mask_tile_2048-2048.jp2
tile_2048-2304.jp2,mask_tile_2048-2304.jp2
tile_2048-256.jp2,mask_tile_2048-256.jp2
tile_2048-2560.jp2,mask_tile_2048-2560.jp2
tile_2048-2816.jp2,mask_tile_2048-2816.jp2
tile_2048-3072.jp2,mask_tile_2048-3072.jp2
tile_2048-3328.jp2,mask_tile_2048-3328.jp2
tile_2048-3584.jp2,mask_tile_2048-3584.jp2
tile_2048-3840.jp2,mask_tile_2048-3840.jp2
tile_2048-4096.jp2,mask_tile_2048-4096.jp2
tile_2048-4352.jp2,mask_tile_2048-4352.jp2
tile_2048-4608.jp2,mask_tile_2048-4608.jp2
tile_2048-4864.jp2,mask_tile_2048-4864.jp2
tile_2048-512.jp2,mask_tile_2048-512.jp2
tile_2048-5120.jp2,mask_tile_2048-5120.jp2
tile_2048-5376.jp2,mask_tile_2048-5376.jp2
tile_2048-5632.jp2,mask_tile_2048-5632.jp2
tile_2048-5888.jp2,mask_tile_2048-5888.jp2
tile_2048-6144.jp2,mask_tile_2048-6144.jp2
tile_2048-6400.jp2,mask_tile_2048-6400.jp2
tile_2048-6656.jp2,mask_tile_2048-6656.jp2
tile_2048-6912.jp2,mask_tile_2048-6912.jp2
tile_2048-7168.jp2,mask_tile_2048-7168.jp2
tile_2048-7424.jp2,mask_tile_2048-7424.jp2
tile_2048-768.jp2,mask_tile_2048-768.jp2
tile_2048-7680.jp2,mask_tile_2048-7680.jp2
tile_2048-7936.jp2,mask_tile_2048-7936.jp2
tile_2048-8192.jp2,mask_tile_2048-8192.jp2
tile_2048-8448.jp2,mask_tile_2048-8448.jp2
tile_2048-8704.jp2,mask_tile_2048-8704.jp2
tile_2048-8960.jp2,mask_tile_2048-8960.jp2
tile_2048-9216.jp2,mask_tile_2048-9216.jp2
tile_2048-9472.jp2,mask_tile_2048-9472.jp2
tile_2048-9728.jp2,mask_tile_2048-9728.jp2
tile_2048-9984.jp2,mask_tile_2048-9984.jp2
tile_2304-0.jp2,mask_tile_2304-0.jp2
tile_2304-1024.jp2,mask_tile_2304-1024.jp2
tile_2304-10240.jp2,mask_tile_2304-10240.jp2
tile_2304-10496.jp2,mask_tile_2304-10496.jp2
tile_2304-10752.jp2,mask_tile_2304-10752.jp2
tile_2304-1280.jp2,mask_tile_2304-1280.jp2
tile_2304-1536.jp2,mask_tile_2304-1536.jp2
tile_2304-1792.jp2,mask_tile_2304-1792.jp2
tile_2304-2048.jp2,mask_tile_2304-2048.jp2
tile_2304-2304.jp2,mask_tile_2304-2304.jp2
tile_2304-256.jp2,mask_tile_2304-256.jp2
tile_2304-2560.jp2,mask_tile_2304-2560.jp2
tile_2304-2816.jp2,mask_tile_2304-2816.jp2
tile_2304-3072.jp2,mask_tile_2304-3072.jp2
tile_2304-3328.jp2,mask_tile_2304-3328.jp2
tile_2304-3584.jp2,mask_tile_2304-3584.jp2
tile_2304-3840.jp2,mask_tile_2304-3840.jp2
tile_2304-4096.jp2,mask_tile_2304-4096.jp2
tile_2304-4352.jp2,mask_tile_2304-4352.jp2
tile_2304-4608.jp2,mask_tile_2304-4608.jp2
tile_2304-4864.jp2,mask_tile_2304-4864.jp2
tile_2304-512.jp2,mask_tile_2304-512.jp2
tile_2304-5120.jp2,mask_tile_2304-5120.jp2
tile_2304-5376.jp2,mask_tile_2304-5376.jp2
tile_2304-5632.jp2,mask_tile_2304-5632.jp2
tile_2304-5888.jp2,mask_tile_2304-5888.jp2
tile_2304-6144.jp2,mask_tile_2304-6144.jp2
tile_2304-6400.jp2,mask_tile_2304-6400.jp2
tile_2304-6656.jp2,mask_tile_2304-6656.jp2
tile_2304-6912.jp2,mask_tile_2304-6912.jp2
tile_2304-7168.jp2,mask_tile_2304-7168.jp2
tile_2304-7424.jp2,mask_tile_2304-7424.jp2
tile_2304-768.jp2,mask_tile_2304-768.jp2
tile_2304-7680.jp2,mask_tile_2304-7680.jp2
tile_2304-7936.jp2,mask_tile_2304-7936.jp2
tile_2304-8192.jp2,mask_tile_2304-8192.jp2
tile_2304-8448.jp2,mask_tile_2304-8448.jp2
tile_2304-8704.jp2,mask_tile_2304-8704.jp2
tile_2304-8960.jp2,mask_tile_2304-8960.jp2
tile_2304-9216.jp2,mask_tile_2304-9216.jp2
tile_2304-9472.jp2,mask_tile_2304-9472.jp2
tile_2304-9728.jp2,mask_tile_2304-9728.jp2
tile_2304-9984.jp2,mask_tile_2304-9984.jp2
tile_256-0.jp2,mask_tile_256-0.jp2
tile_256-1024.jp2,mask_tile_256-1024.jp2
tile_256-10240.jp2,mask_tile_256-10240.jp2
tile_256-10496.jp2,mask_tile_256-10496.jp2
tile_256-10752.jp2,mask_tile_256-10752.jp2
tile_256-1280.jp2,mask_tile_256-1280.jp2
tile_256-1536.jp2,mask_tile_256-1536.jp2
tile_256-1792.jp2,mask_tile_256-1792.jp2
tile_256-2048.jp2,mask_tile_256-2048.jp2
tile_256-2304.jp2,mask_tile_256-2304.jp2
tile_256-256.jp2,mask_tile_256-256.jp2
tile_256-2560.jp2,mask_tile_256-2560.jp2
tile_256-2816.jp2,mask_tile_256-2816.jp2
tile_256-3072.jp2,mask_tile_256-3072.jp2
tile_256-3328.jp2,mask_tile_256-3328.jp2
tile_256-3584.jp2,mask_tile_256-3584.jp2
tile_256-3840.jp2,mask_tile_256-3840.jp2
tile_256-4096.jp2,mask_tile_256-4096.jp2
tile_256-4352.jp2,mask_tile_256-4352.jp2
tile_256-4608.jp2,mask_tile_256-4608.jp2
tile_256-4864.jp2,mask_tile_256-4864.jp2
tile_256-512.jp2,mask_tile_256-512.jp2
tile_256-5120.jp2,mask_tile_256-5120.jp2
tile_256-5376.jp2,mask_tile_256-5376.jp2
tile_256-5632.jp2,mask_tile_256-5632.jp2
tile_256-5888.jp2,mask_tile_256-5888.jp2
tile_256-6144.jp2,mask_tile_256-6144.jp2
tile_256-6400.jp2,mask_tile_256-6400.jp2
tile_256-6656.jp2,mask_tile_256-6656.jp2
tile_256-6912.jp2,mask_tile_256-6912.jp2
tile_256-7168.jp2,mask_tile_256-7168.jp2
tile_256-7424.jp2,mask_tile_256-7424.jp2
tile_256-768.jp2,mask_tile_256-768.jp2
tile_256-7680.jp2,mask_tile_256-7680.jp2
tile_256-7936.jp2,mask_tile_256-7936.jp2
tile_256-8192.jp2,mask_tile_256-8192.jp2
tile_256-8448.jp2,mask_tile_256-8448.jp2
tile_256-8704.jp2,mask_tile_256-8704.jp2
tile_256-8960.jp2,mask_tile_256-8960.jp2
tile_256-9216.jp2,mask_tile_256-9216.jp2
tile_256-9472.jp2,mask_tile_256-9472.jp2
tile_256-9728.jp2,mask_tile_256-9728.jp2
tile_256-9984.jp2,mask_tile_256-9984.jp2
tile_2560-0.jp2,mask_tile_2560-0.jp2
tile_2560-1024.jp2,mask_tile_2560-1024.jp2
tile_2560-10240.jp2,mask_tile_2560-10240.jp2
tile_2560-10496.jp2,mask_tile_2560-10496.jp2
tile_2560-10752.jp2,mask_tile_2560-10752.jp2
tile_2560-1280.jp2,mask_tile_2560-1280.jp2
tile_2560-1536.jp2,mask_tile_2560-1536.jp2
tile_2560-1792.jp2,mask_tile_2560-1792.jp2
tile_2560-2048.jp2,mask_tile_2560-2048.jp2
tile_2560-2304.jp2,mask_tile_2560-2304.jp2
tile_2560-256.jp2,mask_tile_2560-256.jp2
tile_2560-2560.jp2,mask_tile_2560-2560.jp2
tile_2560-2816.jp2,mask_tile_2560-2816.jp2
tile_2560-3072.jp2,mask_tile_2560-3072.jp2
tile_2560-3328.jp2,mask_tile_2560-3328.jp2
tile_2560-3584.jp2,mask_tile_2560-3584.jp2
tile_2560-3840.jp2,mask_tile_2560-3840.jp2
tile_2560-4096.jp2,mask_tile_2560-4096.jp2
tile_2560-4352.jp2,mask_tile_2560-4352.jp2
tile_2560-4608.jp2,mask_tile_2560-4608.jp2
tile_2560-4864.jp2,mask_tile_2560-4864.jp2
tile_2560-512.jp2,mask_tile_2560-512.jp2
tile_2560-5120.jp2,mask_tile_2560-5120.jp2
tile_2560-5376.jp2,mask_tile_2560-5376.jp2
tile_2560-5632.jp2,mask_tile_2560-5632.jp2
tile_2560-5888.jp2,mask_tile_2560-5888.jp2
tile_2560-6144.jp2,mask_tile_2560-6144.jp2
tile_2560-6400.jp2,mask_tile_2560-6400.jp2
tile_2560-6656.jp2,mask_tile_2560-6656.jp2
tile_2560-6912.jp2,mask_tile_2560-6912.jp2
tile_2560-7168.jp2,mask_tile_2560-7168.jp2
tile_2560-7424.jp2,mask_tile_2560-7424.jp2
tile_2560-768.jp2,mask_tile_2560-768.jp2
tile_2560-7680.jp2,mask_tile_2560-7680.jp2
tile_2560-7936.jp2,mask_tile_2560-7936.jp2
tile_2560-8192.jp2,mask_tile_2560-8192.jp2
tile_2560-8448.jp2,mask_tile_2560-8448.jp2
tile_2560-8704.jp2,mask_tile_2560-8704.jp2
tile_2560-8960.jp2,mask_tile_2560-8960.jp2
tile_2560-9216.jp2,mask_tile_2560-9216.jp2
tile_2560-9472.jp2,mask_tile_2560-9472.jp2
tile_2560-9728.jp2,mask_tile_2560-9728.jp2
tile_2560-9984.jp2,mask_tile_2560-9984.jp2
tile_2816-0.jp2,mask_tile_2816-0.jp2
tile_2816-1024.jp2,mask_tile_2816-1024.jp2
tile_2816-10240.jp2,mask_tile_2816-10240.jp2
tile_2816-10496.jp2,mask_tile_2816-10496.jp2
tile_2816-10752.jp2,mask_tile_2816-10752.jp2
tile_2816-1280.jp2,mask_tile_2816-1280.jp2
tile_2816-1536.jp2,mask_tile_2816-1536.jp2
tile_2816-1792.jp2,mask_tile_2816-1792.jp2
tile_2816-2048.jp2,mask_tile_2816-2048.jp2
tile_2816-2304.jp2,mask_tile_2816-2304.jp2
tile_2816-256.jp2,mask_tile_2816-256.jp2
tile_2816-2560.jp2,mask_tile_2816-2560.jp2
tile_2816-2816.jp2,mask_tile_2816-2816.jp2
tile_2816-3072.jp2,mask_tile_2816-3072.jp2
tile_2816-3328.jp2,mask_tile_2816-3328.jp2
tile_2816-3584.jp2,mask_tile_2816-3584.jp2
tile_2816-3840.jp2,mask_tile_2816-3840.jp2
tile_2816-4096.jp2,mask_tile_2816-4096.jp2
tile_2816-4352.jp2,mask_tile_2816-4352.jp2
tile_2816-4608.jp2,mask_tile_2816-4608.jp2
tile_2816-4864.jp2,mask_tile_2816-4864.jp2
tile_2816-512.jp2,mask_tile_2816-512.jp2
tile_2816-5120.jp2,mask_tile_2816-5120.jp2
tile_2816-5376.jp2,mask_tile_2816-5376.jp2
tile_2816-5632.jp2,mask_tile_2816-5632.jp2
tile_2816-5888.jp2,mask_tile_2816-5888.jp2
tile_2816-6144.jp2,mask_tile_2816-6144.jp2
tile_2816-6400.jp2,mask_tile_2816-6400.jp2
tile_2816-6656.jp2,mask_tile_2816-6656.jp2
tile_2816-6912.jp2,mask_tile_2816-6912.jp2
tile_2816-7168.jp2,mask_tile_2816-7168.jp2
tile_2816-7424.jp2,mask_tile_2816-7424.jp2
tile_2816-768.jp2,mask_tile_2816-768.jp2
tile_2816-7680.jp2,mask_tile_2816-7680.jp2
tile_2816-7936.jp2,mask_tile_2816-7936.jp2
tile_2816-8192.jp2,mask_tile_2816-8192.jp2
tile_2816-8448.jp2,mask_tile_2816-8448.jp2
tile_2816-8704.jp2,mask_tile_2816-8704.jp2
tile_2816-8960.jp2,mask_tile_2816-8960.jp2
tile_2816-9216.jp2,mask_tile_2816-9216.jp2
tile_2816-9472.jp2,mask_tile_2816-9472.jp2
tile_2816-9728.jp2,mask_tile_2816-9728.jp2
tile_2816-9984.jp2,mask_tile_2816-9984.jp2
tile_3072-0.jp2,mask_tile_3072-0.jp2
tile_3072-1024.jp2,mask_tile_3072-1024.jp2
tile_3072-10240.jp2,mask_tile_3072-10240.jp2
tile_3072-10496.jp2,mask_tile_3072-10496.jp2
tile_3072-10752.jp2,mask_tile_3072-10752.jp2
tile_3072-1280.jp2,mask_tile_3072-1280.jp2
tile_3072-1536.jp2,mask_tile_3072-1536.jp2
tile_3072-1792.jp2,mask_tile_3072-1792.jp2
tile_3072-2048.jp2,mask_tile_3072-2048.jp2
tile_3072-2304.jp2,mask_tile_3072-2304.jp2
tile_3072-256.jp2,mask_tile_3072-256.jp2
tile_3072-2560.jp2,mask_tile_3072-2560.jp2
tile_3072-2816.jp2,mask_tile_3072-2816.jp2
tile_3072-3072.jp2,mask_tile_3072-3072.jp2
tile_3072-3328.jp2,mask_tile_3072-3328.jp2
tile_3072-3584.jp2,mask_tile_3072-3584.jp2
tile_3072-3840.jp2,mask_tile_3072-3840.jp2
tile_3072-4096.jp2,mask_tile_3072-4096.jp2
tile_3072-4352.jp2,mask_tile_3072-4352.jp2
tile_3072-4608.jp2,mask_tile_3072-4608.jp2
tile_3072-4864.jp2,mask_tile_3072-4864.jp2
tile_3072-512.jp2,mask_tile_3072-512.jp2
tile_3072-5120.jp2,mask_tile_3072-5120.jp2
tile_3072-5376.jp2,mask_tile_3072-5376.jp2
tile_3072-5632.jp2,mask_tile_3072-5632.jp2
tile_3072-5888.jp2,mask_tile_3072-5888.jp2
tile_3072-6144.jp2,mask_tile_3072-6144.jp2
tile_3072-6400.jp2,mask_tile_3072-6400.jp2
tile_3072-6656.jp2,mask_tile_3072-6656.jp2
tile_3072-6912.jp2,mask_tile_3072-6912.jp2
tile_3072-7168.jp2,mask_tile_3072-7168.jp2
tile_3072-7424.jp2,mask_tile_3072-7424.jp2
tile_3072-768.jp2,mask_tile_3072-768.jp2
tile_3072-7680.jp2,mask_tile_3072-7680.jp2
tile_3072-7936.jp2,mask_tile_3072-7936.jp2
tile_3072-8192.jp2,mask_tile_3072-8192.jp2
tile_3072-8448.jp2,mask_tile_3072-8448.jp2
tile_3072-8704.jp2,mask_tile_3072-8704.jp2
tile_3072-8960.jp2,mask_tile_3072-8960.jp2
tile_3072-9216.jp2,mask_tile_3072-9216.jp2
tile_3072-9472.jp2,mask_tile_3072-9472.jp2
tile_3072-9728.jp2,mask_tile_3072-9728.jp2
tile_3072-9984.jp2,mask_tile_3072-9984.jp2
tile_3328-0.jp2,mask_tile_3328-0.jp2
tile_3328-1024.jp2,mask_tile_3328-1024.jp2
tile_3328-10240.jp2,mask_tile_3328-10240.jp2
tile_3328-10496.jp2,mask_tile_3328-10496.jp2
tile_3328-10752.jp2,mask_tile_3328-10752.jp2
tile_3328-1280.jp2,mask_tile_3328-1280.jp2
tile_3328-1536.jp2,mask_tile_3328-1536.jp2
tile_3328-1792.jp2,mask_tile_3328-1792.jp2
tile_3328-2048.jp2,mask_tile_3328-2048.jp2
tile_3328-2304.jp2,mask_tile_3328-2304.jp2
tile_3328-256.jp2,mask_tile_3328-256.jp2
tile_3328-2560.jp2,mask_tile_3328-2560.jp2
tile_3328-2816.jp2,mask_tile_3328-2816.jp2
tile_3328-3072.jp2,mask_tile_3328-3072.jp2
tile_3328-3328.jp2,mask_tile_3328-3328.jp2
tile_3328-3584.jp2,mask_tile_3328-3584.jp2
tile_3328-3840.jp2,mask_tile_3328-3840.jp2
tile_3328-4096.jp2,mask_tile_3328-4096.jp2
tile_3328-4352.jp2,mask_tile_3328-4352.jp2
tile_3328-4608.jp2,mask_tile_3328-4608.jp2
tile_3328-4864.jp2,mask_tile_3328-4864.jp2
tile_3328-512.jp2,mask_tile_3328-512.jp2
tile_3328-5120.jp2,mask_tile_3328-5120.jp2
tile_3328-5376.jp2,mask_tile_3328-5376.jp2
tile_3328-5632.jp2,mask_tile_3328-5632.jp2
tile_3328-5888.jp2,mask_tile_3328-5888.jp2
tile_3328-6144.jp2,mask_tile_3328-6144.jp2
tile_3328-6400.jp2,mask_tile_3328-6400.jp2
tile_3328-6656.jp2,mask_tile_3328-6656.jp2
tile_3328-6912.jp2,mask_tile_3328-6912.jp2
tile_3328-7168.jp2,mask_tile_3328-7168.jp2
tile_3328-7424.jp2,mask_tile_3328-7424.jp2
tile_3328-768.jp2,mask_tile_3328-768.jp2
tile_3328-7680.jp2,mask_tile_3328-7680.jp2
tile_3328-7936.jp2,mask_tile_3328-7936.jp2
tile_3328-8192.jp2,mask_tile_3328-8192.jp2
tile_3328-8448.jp2,mask_tile_3328-8448.jp2
tile_3328-8704.jp2,mask_tile_3328-8704.jp2
tile_3328-8960.jp2,mask_tile_3328-8960.jp2
tile_3328-9216.jp2,mask_tile_3328-9216.jp2
tile_3328-9472.jp2,mask_tile_3328-9472.jp2
tile_3328-9728.jp2,mask_tile_3328-9728.jp2
tile_3328-9984.jp2,mask_tile_3328-9984.jp2
tile_3584-0.jp2,mask_tile_3584-0.jp2
tile_3584-1024.jp2,mask_tile_3584-1024.jp2
tile_3584-10240.jp2,mask_tile_3584-10240.jp2
tile_3584-10496.jp2,mask_tile_3584-10496.jp2
tile_3584-10752.jp2,mask_tile_3584-10752.jp2
tile_3584-1280.jp2,mask_tile_3584-1280.jp2
tile_3584-1536.jp2,mask_tile_3584-1536.jp2
tile_3584-1792.jp2,mask_tile_3584-1792.jp2
tile_3584-2048.jp2,mask_tile_3584-2048.jp2
tile_3584-2304.jp2,mask_tile_3584-2304.jp2
tile_3584-256.jp2,mask_tile_3584-256.jp2
tile_3584-2560.jp2,mask_tile_3584-2560.jp2
tile_3584-2816.jp2,mask_tile_3584-2816.jp2
tile_3584-3072.jp2,mask_tile_3584-3072.jp2
tile_3584-3328.jp2,mask_tile_3584-3328.jp2
tile_3584-3584.jp2,mask_tile_3584-3584.jp2
tile_3584-3840.jp2,mask_tile_3584-3840.jp2
tile_3584-4096.jp2,mask_tile_3584-4096.jp2
tile_3584-4352.jp2,mask_tile_3584-4352.jp2
tile_3584-4608.jp2,mask_tile_3584-4608.jp2
tile_3584-4864.jp2,mask_tile_3584-4864.jp2
tile_3584-512.jp2,mask_tile_3584-512.jp2
tile_3584-5120.jp2,mask_tile_3584-5120.jp2
tile_3584-5376.jp2,mask_tile_3584-5376.jp2
tile_3584-5632.jp2,mask_tile_3584-5632.jp2
tile_3584-5888.jp2,mask_tile_3584-5888.jp2
tile_3584-6144.jp2,mask_tile_3584-6144.jp2
tile_3584-6400.jp2,mask_tile_3584-6400.jp2
tile_3584-6656.jp2,mask_tile_3584-6656.jp2
tile_3584-6912.jp2,mask_tile_3584-6912.jp2
tile_3584-7168.jp2,mask_tile_3584-7168.jp2
tile_3584-7424.jp2,mask_tile_3584-7424.jp2
tile_3584-768.jp2,mask_tile_3584-768.jp2
tile_3584-7680.jp2,mask_tile_3584-7680.jp2
tile_3584-7936.jp2,mask_tile_3584-7936.jp2
tile_3584-8192.jp2,mask_tile_3584-8192.jp2
tile_3584-8448.jp2,mask_tile_3584-8448.jp2
tile_3584-8704.jp2,mask_tile_3584-8704.jp2
tile_3584-8960.jp2,mask_tile_3584-8960.jp2
tile_3584-9216.jp2,mask_tile_3584-9216.jp2
tile_3584-9472.jp2,mask_tile_3584-9472.jp2
tile_3584-9728.jp2,mask_tile_3584-9728.jp2
tile_3584-9984.jp2,mask_tile_3584-9984.jp2
tile_3840-0.jp2,mask_tile_3840-0.jp2
tile_3840-1024.jp2,mask_tile_3840-1024.jp2
tile_3840-10240.jp2,mask_tile_3840-10240.jp2
tile_3840-10496.jp2,mask_tile_3840-10496.jp2
tile_3840-10752.jp2,mask_tile_3840-10752.jp2
tile_3840-1280.jp2,mask_tile_3840-1280.jp2
tile_3840-1536.jp2,mask_tile_3840-1536.jp2
tile_3840-1792.jp2,mask_tile_3840-1792.jp2
tile_3840-2048.jp2,mask_tile_3840-2048.jp2
tile_3840-2304.jp2,mask_tile_3840-2304.jp2
tile_3840-256.jp2,mask_tile_3840-256.jp2
tile_3840-2560.jp2,mask_tile_3840-2560.jp2
tile_3840-2816.jp2,mask_tile_3840-2816.jp2
tile_3840-3072.jp2,mask_tile_3840-3072.jp2
tile_3840-3328.jp2,mask_tile_3840-3328.jp2
tile_3840-3584.jp2,mask_tile_3840-3584.jp2
tile_3840-3840.jp2,mask_tile_3840-3840.jp2
tile_3840-4096.jp2,mask_tile_3840-4096.jp2
tile_3840-4352.jp2,mask_tile_3840-4352.jp2
tile_3840-4608.jp2,mask_tile_3840-4608.jp2
tile_3840-4864.jp2,mask_tile_3840-4864.jp2
tile_3840-512.jp2,mask_tile_3840-512.jp2
tile_3840-5120.jp2,mask_tile_3840-5120.jp2
tile_3840-5376.jp2,mask_tile_3840-5376.jp2
tile_3840-5632.jp2,mask_tile_3840-5632.jp2
tile_3840-5888.jp2,mask_tile_3840-5888.jp2
tile_3840-6144.jp2,mask_tile_3840-6144.jp2
tile_3840-6400.jp2,mask_tile_3840-6400.jp2
tile_3840-6656.jp2,mask_tile_3840-6656.jp2
tile_3840-6912.jp2,mask_tile_3840-6912.jp2
tile_3840-7168.jp2,mask_tile_3840-7168.jp2
tile_3840-7424.jp2,mask_tile_3840-7424.jp2
tile_3840-768.jp2,mask_tile_3840-768.jp2
tile_3840-7680.jp2,mask_tile_3840-7680.jp2
tile_3840-7936.jp2,mask_tile_3840-7936.jp2
tile_3840-8192.jp2,mask_tile_3840-8192.jp2
tile_3840-8448.jp2,mask_tile_3840-8448.jp2
tile_3840-8704.jp2,mask_tile_3840-8704.jp2
tile_3840-8960.jp2,mask_tile_3840-8960.jp2
tile_3840-9216.jp2,mask_tile_3840-9216.jp2
tile_3840-9472.jp2,mask_tile_3840-9472.jp2
tile_3840-9728.jp2,mask_tile_3840-9728.jp2
tile_3840-9984.jp2,mask_tile_3840-9984.jp2
tile_4096-0.jp2,mask_tile_4096-0.jp2
tile_4096-1024.jp2,mask_tile_4096-1024.jp2
tile_4096-10240.jp2,mask_tile_4096-10240.jp2
tile_4096-10496.jp2,mask_tile_4096-10496.jp2
tile_4096-10752.jp2,mask_tile_4096-10752.jp2
tile_4096-1280.jp2,mask_tile_4096-1280.jp2
tile_4096-1536.jp2,mask_tile_4096-1536.jp2
tile_4096-1792.jp2,mask_tile_4096-1792.jp2
tile_4096-2048.jp2,mask_tile_4096-2048.jp2
tile_4096-2304.jp2,mask_tile_4096-2304.jp2
tile_4096-256.jp2,mask_tile_4096-256.jp2
tile_4096-2560.jp2,mask_tile_4096-2560.jp2
tile_4096-2816.jp2,mask_tile_4096-2816.jp2
tile_4096-3072.jp2,mask_tile_4096-3072.jp2
tile_4096-3328.jp2,mask_tile_4096-3328.jp2
tile_4096-3584.jp2,mask_tile_4096-3584.jp2
tile_4096-3840.jp2,mask_tile_4096-3840.jp2
tile_4096-4096.jp2,mask_tile_4096-4096.jp2
tile_4096-4352.jp2,mask_tile_4096-4352.jp2
tile_4096-4608.jp2,mask_tile_4096-4608.jp2
tile_4096-4864.jp2,mask_tile_4096-4864.jp2
tile_4096-512.jp2,mask_tile_4096-512.jp2
tile_4096-5120.jp2,mask_tile_4096-5120.jp2
tile_4096-5376.jp2,mask_tile_4096-5376.jp2
tile_4096-5632.jp2,mask_tile_4096-5632.jp2
tile_4096-5888.jp2,mask_tile_4096-5888.jp2
tile_4096-6144.jp2,mask_tile_4096-6144.jp2
tile_4096-6400.jp2,mask_tile_4096-6400.jp2
tile_4096-6656.jp2,mask_tile_4096-6656.jp2
tile_4096-6912.jp2,mask_tile_4096-6912.jp2
tile_4096-7168.jp2,mask_tile_4096-7168.jp2
tile_4096-7424.jp2,mask_tile_4096-7424.jp2
tile_4096-768.jp2,mask_tile_4096-768.jp2
tile_4096-7680.jp2,mask_tile_4096-7680.jp2
tile_4096-7936.jp2,mask_tile_4096-7936.jp2
tile_4096-8192.jp2,mask_tile_4096-8192.jp2
tile_4096-8448.jp2,mask_tile_4096-8448.jp2
tile_4096-8704.jp2,mask_tile_4096-8704.jp2
tile_4096-8960.jp2,mask_tile_4096-8960.jp2
tile_4096-9216.jp2,mask_tile_4096-9216.jp2
tile_4096-9472.jp2,mask_tile_4096-9472.jp2
tile_4096-9728.jp2,mask_tile_4096-9728.jp2
tile_4096-9984.jp2,mask_tile_4096-9984.jp2
tile_4352-0.jp2,mask_tile_4352-0.jp2
tile_4352-1024.jp2,mask_tile_4352-1024.jp2
tile_4352-10240.jp2,mask_tile_4352-10240.jp2
tile_4352-10496.jp2,mask_tile_4352-10496.jp2
tile_4352-10752.jp2,mask_tile_4352-10752.jp2
tile_4352-1280.jp2,mask_tile_4352-1280.jp2
tile_4352-1536.jp2,mask_tile_4352-1536.jp2
tile_4352-1792.jp2,mask_tile_4352-1792.jp2
tile_4352-2048.jp2,mask_tile_4352-2048.jp2
tile_4352-2304.jp2,mask_tile_4352-2304.jp2
tile_4352-256.jp2,mask_tile_4352-256.jp2
tile_4352-2560.jp2,mask_tile_4352-2560.jp2
tile_4352-2816.jp2,mask_tile_4352-2816.jp2
tile_4352-3072.jp2,mask_tile_4352-3072.jp2
tile_4352-3328.jp2,mask_tile_4352-3328.jp2
tile_4352-3584.jp2,mask_tile_4352-3584.jp2
tile_4352-3840.jp2,mask_tile_4352-3840.jp2
tile_4352-4096.jp2,mask_tile_4352-4096.jp2
tile_4352-4352.jp2,mask_tile_4352-4352.jp2
tile_4352-4608.jp2,mask_tile_4352-4608.jp2
tile_4352-4864.jp2,mask_tile_4352-4864.jp2
tile_4352-512.jp2,mask_tile_4352-512.jp2
tile_4352-5120.jp2,mask_tile_4352-5120.jp2
tile_4352-5376.jp2,mask_tile_4352-5376.jp2
tile_4352-5632.jp2,mask_tile_4352-5632.jp2
tile_4352-5888.jp2,mask_tile_4352-5888.jp2
tile_4352-6144.jp2,mask_tile_4352-6144.jp2
tile_4352-6400.jp2,mask_tile_4352-6400.jp2
tile_4352-6656.jp2,mask_tile_4352-6656.jp2
tile_4352-6912.jp2,mask_tile_4352-6912.jp2
tile_4352-7168.jp2,mask_tile_4352-7168.jp2
tile_4352-7424.jp2,mask_tile_4352-7424.jp2
tile_4352-768.jp2,mask_tile_4352-768.jp2
tile_4352-7680.jp2,mask_tile_4352-7680.jp2
tile_4352-7936.jp2,mask_tile_4352-7936.jp2
tile_4352-8192.jp2,mask_tile_4352-8192.jp2
tile_4352-8448.jp2,mask_tile_4352-8448.jp2
tile_4352-8704.jp2,mask_tile_4352-8704.jp2
tile_4352-8960.jp2,mask_tile_4352-8960.jp2
tile_4352-9216.jp2,mask_tile_4352-9216.jp2
tile_4352-9472.jp2,mask_tile_4352-9472.jp2
tile_4352-9728.jp2,mask_tile_4352-9728.jp2
tile_4352-9984.jp2,mask_tile_4352-9984.jp2
tile_4608-0.jp2,mask_tile_4608-0.jp2
tile_4608-1024.jp2,mask_tile_4608-1024.jp2
tile_4608-10240.jp2,mask_tile_4608-10240.jp2
tile_4608-10496.jp2,mask_tile_4608-10496.jp2
tile_4608-10752.jp2,mask_tile_4608-10752.jp2
tile_4608-1280.jp2,mask_tile_4608-1280.jp2
tile_4608-1536.jp2,mask_tile_4608-1536.jp2
tile_4608-1792.jp2,mask_tile_4608-1792.jp2
tile_4608-2048.jp2,mask_tile_4608-2048.jp2
tile_4608-2304.jp2,mask_tile_4608-2304.jp2
tile_4608-256.jp2,mask_tile_4608-256.jp2
tile_4608-2560.jp2,mask_tile_4608-2560.jp2
tile_4608-2816.jp2,mask_tile_4608-2816.jp2
tile_4608-3072.jp2,mask_tile_4608-3072.jp2
tile_4608-3328.jp2,mask_tile_4608-3328.jp2
tile_4608-3584.jp2,mask_tile_4608-3584.jp2
tile_4608-3840.jp2,mask_tile_4608-3840.jp2
tile_4608-4096.jp2,mask_tile_4608-4096.jp2
tile_4608-4352.jp2,mask_tile_4608-4352.jp2
tile_4608-4608.jp2,mask_tile_4608-4608.jp2
tile_4608-4864.jp2,mask_tile_4608-4864.jp2
tile_4608-512.jp2,mask_tile_4608-512.jp2
tile_4608-5120.jp2,mask_tile_4608-5120.jp2
tile_4608-5376.jp2,mask_tile_4608-5376.jp2
tile_4608-5632.jp2,mask_tile_4608-5632.jp2
tile_4608-5888.jp2,mask_tile_4608-5888.jp2
tile_4608-6144.jp2,mask_tile_4608-6144.jp2
tile_4608-6400.jp2,mask_tile_4608-6400.jp2
tile_4608-6656.jp2,mask_tile_4608-6656.jp2
tile_4608-6912.jp2,mask_tile_4608-6912.jp2
tile_4608-7168.jp2,mask_tile_4608-7168.jp2
tile_4608-7424.jp2,mask_tile_4608-7424.jp2
tile_4608-768.jp2,mask_tile_4608-768.jp2
tile_4608-7680.jp2,mask_tile_4608-7680.jp2
tile_4608-7936.jp2,mask_tile_4608-7936.jp2
tile_4608-8192.jp2,mask_tile_4608-8192.jp2
tile_4608-8448.jp2,mask_tile_4608-8448.jp2
tile_4608-8704.jp2,mask_tile_4608-8704.jp2
tile_4608-8960.jp2,mask_tile_4608-8960.jp2
tile_4608-9216.jp2,mask_tile_4608-9216.jp2
tile_4608-9472.jp2,mask_tile_4608-9472.jp2
tile_4608-9728.jp2,mask_tile_4608-9728.jp2
tile_4608-9984.jp2,mask_tile_4608-9984.jp2
tile_4864-0.jp2,mask_tile_4864-0.jp2
tile_4864-1024.jp2,mask_tile_4864-1024.jp2
tile_4864-10240.jp2,mask_tile_4864-10240.jp2
tile_4864-10496.jp2,mask_tile_4864-10496.jp2
tile_4864-10752.jp2,mask_tile_4864-10752.jp2
tile_4864-1280.jp2,mask_tile_4864-1280.jp2
tile_4864-1536.jp2,mask_tile_4864-1536.jp2
tile_4864-1792.jp2,mask_tile_4864-1792.jp2
tile_4864-2048.jp2,mask_tile_4864-2048.jp2
tile_4864-2304.jp2,mask_tile_4864-2304.jp2
tile_4864-256.jp2,mask_tile_4864-256.jp2
tile_4864-2560.jp2,mask_tile_4864-2560.jp2
tile_4864-2816.jp2,mask_tile_4864-2816.jp2
tile_4864-3072.jp2,mask_tile_4864-3072.jp2
tile_4864-3328.jp2,mask_tile_4864-3328.jp2
tile_4864-3584.jp2,mask_tile_4864-3584.jp2
tile_4864-3840.jp2,mask_tile_4864-3840.jp2
tile_4864-4096.jp2,mask_tile_4864-4096.jp2
tile_4864-4352.jp2,mask_tile_4864-4352.jp2
tile_4864-4608.jp2,mask_tile_4864-4608.jp2
tile_4864-4864.jp2,mask_tile_4864-4864.jp2
tile_4864-512.jp2,mask_tile_4864-512.jp2
tile_4864-5120.jp2,mask_tile_4864-5120.jp2
tile_4864-5376.jp2,mask_tile_4864-5376.jp2
tile_4864-5632.jp2,mask_tile_4864-5632.jp2
tile_4864-5888.jp2,mask_tile_4864-5888.jp2
tile_4864-6144.jp2,mask_tile_4864-6144.jp2
tile_4864-6400.jp2,mask_tile_4864-6400.jp2
tile_4864-6656.jp2,mask_tile_4864-6656.jp2
tile_4864-6912.jp2,mask_tile_4864-6912.jp2
tile_4864-7168.jp2,mask_tile_4864-7168.jp2
tile_4864-7424.jp2,mask_tile_4864-7424.jp2
tile_4864-768.jp2,mask_tile_4864-768.jp2
tile_4864-7680.jp2,mask_tile_4864-7680.jp2
tile_4864-7936.jp2,mask_tile_4864-7936.jp2
tile_4864-8192.jp2,mask_tile_4864-8192.jp2
tile_4864-8448.jp2,mask_tile_4864-8448.jp2
tile_4864-8704.jp2,mask_tile_4864-8704.jp2
tile_4864-8960.jp2,mask_tile_4864-8960.jp2
tile_4864-9216.jp2,mask_tile_4864-9216.jp2
tile_4864-9472.jp2,mask_tile_4864-9472.jp2
tile_4864-9728.jp2,mask_tile_4864-9728.jp2
tile_4864-9984.jp2,mask_tile_4864-9984.jp2
tile_512-0.jp2,mask_tile_512-0.jp2
tile_512-1024.jp2,mask_tile_512-1024.jp2
tile_512-10240.jp2,mask_tile_512-10240.jp2
tile_512-10496.jp2,mask_tile_512-10496.jp2
tile_512-10752.jp2,mask_tile_512-10752.jp2
tile_512-1280.jp2,mask_tile_512-1280.jp2
tile_512-1536.jp2,mask_tile_512-1536.jp2
tile_512-1792.jp2,mask_tile_512-1792.jp2
tile_512-2048.jp2,mask_tile_512-2048.jp2
tile_512-2304.jp2,mask_tile_512-2304.jp2
tile_512-256.jp2,mask_tile_512-256.jp2
tile_512-2560.jp2,mask_tile_512-2560.jp2
tile_512-2816.jp2,mask_tile_512-2816.jp2
tile_512-3072.jp2,mask_tile_512-3072.jp2
tile_512-3328.jp2,mask_tile_512-3328.jp2
tile_512-3584.jp2,mask_tile_512-3584.jp2
tile_512-3840.jp2,mask_tile_512-3840.jp2
tile_512-4096.jp2,mask_tile_512-4096.jp2
tile_512-4352.jp2,mask_tile_512-4352.jp2
tile_512-4608.jp2,mask_tile_512-4608.jp2
tile_512-4864.jp2,mask_tile_512-4864.jp2
tile_512-512.jp2,mask_tile_512-512.jp2
tile_512-5120.jp2,mask_tile_512-5120.jp2
tile_512-5376.jp2,mask_tile_512-5376.jp2
tile_512-5632.jp2,mask_tile_512-5632.jp2
tile_512-5888.jp2,mask_tile_512-5888.jp2
tile_512-6144.jp2,mask_tile_512-6144.jp2
tile_512-6400.jp2,mask_tile_512-6400.jp2
tile_512-6656.jp2,mask_tile_512-6656.jp2
tile_512-6912.jp2,mask_tile_512-6912.jp2
tile_512-7168.jp2,mask_tile_512-7168.jp2
tile_512-7424.jp2,mask_tile_512-7424.jp2
tile_512-768.jp2,mask_tile_512-768.jp2
tile_512-7680.jp2,mask_tile_512-7680.jp2
tile_512-7936.jp2,mask_tile_512-7936.jp2
tile_512-8192.jp2,mask_tile_512-8192.jp2
tile_512-8448.jp2,mask_tile_512-8448.jp2
tile_512-8704.jp2,mask_tile_512-8704.jp2
tile_512-8960.jp2,mask_tile_512-8960.jp2
tile_512-9216.jp2,mask_tile_512-9216.jp2
tile_512-9472.jp2,mask_tile_512-9472.jp2
tile_512-9728.jp2,mask_tile_512-9728.jp2
tile_512-9984.jp2,mask_tile_512-9984.jp2
tile_5120-0.jp2,mask_tile_5120-0.jp2
tile_5120-1024.jp2,mask_tile_5120-1024.jp2
tile_5120-10240.jp2,mask_tile_5120-10240.jp2
tile_5120-10496.jp2,mask_tile_5120-10496.jp2
tile_5120-10752.jp2,mask_tile_5120-10752.jp2
tile_5120-1280.jp2,mask_tile_5120-1280.jp2
tile_5120-1536.jp2,mask_tile_5120-1536.jp2
tile_5120-1792.jp2,mask_tile_5120-1792.jp2
tile_5120-2048.jp2,mask_tile_5120-2048.jp2
tile_5120-2304.jp2,mask_tile_5120-2304.jp2
tile_5120-256.jp2,mask_tile_5120-256.jp2
tile_5120-2560.jp2,mask_tile_5120-2560.jp2
tile_5120-2816.jp2,mask_tile_5120-2816.jp2
tile_5120-3072.jp2,mask_tile_5120-3072.jp2
tile_5120-3328.jp2,mask_tile_5120-3328.jp2
tile_5120-3584.jp2,mask_tile_5120-3584.jp2
tile_5120-3840.jp2,mask_tile_5120-3840.jp2
tile_5120-4096.jp2,mask_tile_5120-4096.jp2
tile_5120-4352.jp2,mask_tile_5120-4352.jp2
tile_5120-4608.jp2,mask_tile_5120-4608.jp2
tile_5120-4864.jp2,mask_tile_5120-4864.jp2
tile_5120-512.jp2,mask_tile_5120-512.jp2
tile_5120-5120.jp2,mask_tile_5120-5120.jp2
tile_5120-5376.jp2,mask_tile_5120-5376.jp2
tile_5120-5632.jp2,mask_tile_5120-5632.jp2
tile_5120-5888.jp2,mask_tile_5120-5888.jp2
tile_5120-6144.jp2,mask_tile_5120-6144.jp2
tile_5120-6400.jp2,mask_tile_5120-6400.jp2
tile_5120-6656.jp2,mask_tile_5120-6656.jp2
tile_5120-6912.jp2,mask_tile_5120-6912.jp2
tile_5120-7168.jp2,mask_tile_5120-7168.jp2
tile_5120-7424.jp2,mask_tile_5120-7424.jp2
tile_5120-768.jp2,mask_tile_5120-768.jp2
tile_5120-7680.jp2,mask_tile_5120-7680.jp2
tile_5120-7936.jp2,mask_tile_5120-7936.jp2
tile_5120-8192.jp2,mask_tile_5120-8192.jp2
tile_5120-8448.jp2,mask_tile_5120-8448.jp2
tile_5120-8704.jp2,mask_tile_5120-8704.jp2
tile_5120-8960.jp2,mask_tile_5120-8960.jp2
tile_5120-9216.jp2,mask_tile_5120-9216.jp2
tile_5120-9472.jp2,mask_tile_5120-9472.jp2
tile_5120-9728.jp2,mask_tile_5120-9728.jp2
tile_5120-9984.jp2,mask_tile_5120-9984.jp2
tile_5376-0.jp2,mask_tile_5376-0.jp2
tile_5376-1024.jp2,mask_tile_5376-1024.jp2
tile_5376-10240.jp2,mask_tile_5376-10240.jp2
tile_5376-10496.jp2,mask_tile_5376-10496.jp2
tile_5376-10752.jp2,mask_tile_5376-10752.jp2
tile_5376-1280.jp2,mask_tile_5376-1280.jp2
tile_5376-1536.jp2,mask_tile_5376-1536.jp2
tile_5376-1792.jp2,mask_tile_5376-1792.jp2
tile_5376-2048.jp2,mask_tile_5376-2048.jp2
tile_5376-2304.jp2,mask_tile_5376-2304.jp2
tile_5376-256.jp2,mask_tile_5376-256.jp2
tile_5376-2560.jp2,mask_tile_5376-2560.jp2
tile_5376-2816.jp2,mask_tile_5376-2816.jp2
tile_5376-3072.jp2,mask_tile_5376-3072.jp2
tile_5376-3328.jp2,mask_tile_5376-3328.jp2
tile_5376-3584.jp2,mask_tile_5376-3584.jp2
tile_5376-3840.jp2,mask_tile_5376-3840.jp2
tile_5376-4096.jp2,mask_tile_5376-4096.jp2
tile_5376-4352.jp2,mask_tile_5376-4352.jp2
tile_5376-4608.jp2,mask_tile_5376-4608.jp2
tile_5376-4864.jp2,mask_tile_5376-4864.jp2
tile_5376-512.jp2,mask_tile_5376-512.jp2
tile_5376-5120.jp2,mask_tile_5376-5120.jp2
tile_5376-5376.jp2,mask_tile_5376-5376.jp2
tile_5376-5632.jp2,mask_tile_5376-5632.jp2
tile_5376-5888.jp2,mask_tile_5376-5888.jp2
tile_5376-6144.jp2,mask_tile_5376-6144.jp2
tile_5376-6400.jp2,mask_tile_5376-6400.jp2
tile_5376-6656.jp2,mask_tile_5376-6656.jp2
tile_5376-6912.jp2,mask_tile_5376-6912.jp2
tile_5376-7168.jp2,mask_tile_5376-7168.jp2
tile_5376-7424.jp2,mask_tile_5376-7424.jp2
tile_5376-768.jp2,mask_tile_5376-768.jp2
tile_5376-7680.jp2,mask_tile_5376-7680.jp2
tile_5376-7936.jp2,mask_tile_5376-7936.jp2
tile_5376-8192.jp2,mask_tile_5376-8192.jp2
tile_5376-8448.jp2,mask_tile_5376-8448.jp2
tile_5376-8704.jp2,mask_tile_5376-8704.jp2
tile_5376-8960.jp2,mask_tile_5376-8960.jp2
tile_5376-9216.jp2,mask_tile_5376-9216.jp2
tile_5376-9472.jp2,mask_tile_5376-9472.jp2
tile_5376-9728.jp2,mask_tile_5376-9728.jp2
tile_5376-9984.jp2,mask_tile_5376-9984.jp2
tile_5632-0.jp2,mask_tile_5632-0.jp2
tile_5632-1024.jp2,mask_tile_5632-1024.jp2
tile_5632-10240.jp2,mask_tile_5632-10240.jp2
tile_5632-10496.jp2,mask_tile_5632-10496.jp2
tile_5632-10752.jp2,mask_tile_5632-10752.jp2
tile_5632-1280.jp2,mask_tile_5632-1280.jp2
tile_5632-1536.jp2,mask_tile_5632-1536.jp2
tile_5632-1792.jp2,mask_tile_5632-1792.jp2
tile_5632-2048.jp2,mask_tile_5632-2048.jp2
tile_5632-2304.jp2,mask_tile_5632-2304.jp2
tile_5632-256.jp2,mask_tile_5632-256.jp2
tile_5632-2560.jp2,mask_tile_5632-2560.jp2
tile_5632-2816.jp2,mask_tile_5632-2816.jp2
tile_5632-3072.jp2,mask_tile_5632-3072.jp2
tile_5632-3328.jp2,mask_tile_5632-3328.jp2
tile_5632-3584.jp2,mask_tile_5632-3584.jp2
tile_5632-3840.jp2,mask_tile_5632-3840.jp2
tile_5632-4096.jp2,mask_tile_5632-4096.jp2
tile_5632-4352.jp2,mask_tile_5632-4352.jp2
tile_5632-4608.jp2,mask_tile_5632-4608.jp2
tile_5632-4864.jp2,mask_tile_5632-4864.jp2
tile_5632-512.jp2,mask_tile_5632-512.jp2
tile_5632-5120.jp2,mask_tile_5632-5120.jp2
tile_5632-5376.jp2,mask_tile_5632-5376.jp2
tile_5632-5632.jp2,mask_tile_5632-5632.jp2
tile_5632-5888.jp2,mask_tile_5632-5888.jp2
tile_5632-6144.jp2,mask_tile_5632-6144.jp2
tile_5632-6400.jp2,mask_tile_5632-6400.jp2
tile_5632-6656.jp2,mask_tile_5632-6656.jp2
tile_5632-6912.jp2,mask_tile_5632-6912.jp2
tile_5632-7168.jp2,mask_tile_5632-7168.jp2
tile_5632-7424.jp2,mask_tile_5632-7424.jp2
tile_5632-768.jp2,mask_tile_5632-768.jp2
tile_5632-7680.jp2,mask_tile_5632-7680.jp2
tile_5632-7936.jp2,mask_tile_5632-7936.jp2
tile_5632-8192.jp2,mask_tile_5632-8192.jp2
tile_5632-8448.jp2,mask_tile_5632-8448.jp2
tile_5632-8704.jp2,mask_tile_5632-8704.jp2
tile_5632-8960.jp2,mask_tile_5632-8960.jp2
tile_5632-9216.jp2,mask_tile_5632-9216.jp2
tile_5632-9472.jp2,mask_tile_5632-9472.jp2
tile_5632-9728.jp2,mask_tile_5632-9728.jp2
tile_5632-9984.jp2,mask_tile_5632-9984.jp2
tile_5888-0.jp2,mask_tile_5888-0.jp2
tile_5888-1024.jp2,mask_tile_5888-1024.jp2
tile_5888-10240.jp2,mask_tile_5888-10240.jp2
tile_5888-10496.jp2,mask_tile_5888-10496.jp2
tile_5888-10752.jp2,mask_tile_5888-10752.jp2
tile_5888-1280.jp2,mask_tile_5888-1280.jp2
tile_5888-1536.jp2,mask_tile_5888-1536.jp2
tile_5888-1792.jp2,mask_tile_5888-1792.jp2
tile_5888-2048.jp2,mask_tile_5888-2048.jp2
tile_5888-2304.jp2,mask_tile_5888-2304.jp2
tile_5888-256.jp2,mask_tile_5888-256.jp2
tile_5888-2560.jp2,mask_tile_5888-2560.jp2
tile_5888-2816.jp2,mask_tile_5888-2816.jp2
tile_5888-3072.jp2,mask_tile_5888-3072.jp2
tile_5888-3328.jp2,mask_tile_5888-3328.jp2
tile_5888-3584.jp2,mask_tile_5888-3584.jp2
tile_5888-3840.jp2,mask_tile_5888-3840.jp2
tile_5888-4096.jp2,mask_tile_5888-4096.jp2
tile_5888-4352.jp2,mask_tile_5888-4352.jp2
tile_5888-4608.jp2,mask_tile_5888-4608.jp2
tile_5888-4864.jp2,mask_tile_5888-4864.jp2
tile_5888-512.jp2,mask_tile_5888-512.jp2
tile_5888-5120.jp2,mask_tile_5888-5120.jp2
tile_5888-5376.jp2,mask_tile_5888-5376.jp2
tile_5888-5632.jp2,mask_tile_5888-5632.jp2
tile_5888-5888.jp2,mask_tile_5888-5888.jp2
tile_5888-6144.jp2,mask_tile_5888-6144.jp2
tile_5888-6400.jp2,mask_tile_5888-6400.jp2
tile_5888-6656.jp2,mask_tile_5888-6656.jp2
tile_5888-6912.jp2,mask_tile_5888-6912.jp2
tile_5888-7168.jp2,mask_tile_5888-7168.jp2
tile_5888-7424.jp2,mask_tile_5888-7424.jp2
tile_5888-768.jp2,mask_tile_5888-768.jp2
tile_5888-7680.jp2,mask_tile_5888-7680.jp2
tile_5888-7936.jp2,mask_tile_5888-7936.jp2
tile_5888-8192.jp2,mask_tile_5888-8192.jp2
tile_5888-8448.jp2,mask_tile_5888-8448.jp2
tile_5888-8704.jp2,mask_tile_5888-8704.jp2
tile_5888-8960.jp2,mask_tile_5888-8960.jp2
tile_5888-9216.jp2,mask_tile_5888-9216.jp2
tile_5888-9472.jp2,mask_tile_5888-9472.jp2
tile_5888-9728.jp2,mask_tile_5888-9728.jp2
tile_5888-9984.jp2,mask_tile_5888-9984.jp2
tile_6144-0.jp2,mask_tile_6144-0.jp2
tile_6144-1024.jp2,mask_tile_6144-1024.jp2
tile_6144-10240.jp2,mask_tile_6144-10240.jp2
tile_6144-10496.jp2,mask_tile_6144-10496.jp2
tile_6144-10752.jp2,mask_tile_6144-10752.jp2
tile_6144-1280.jp2,mask_tile_6144-1280.jp2
tile_6144-1536.jp2,mask_tile_6144-1536.jp2
tile_6144-1792.jp2,mask_tile_6144-1792.jp2
tile_6144-2048.jp2,mask_tile_6144-2048.jp2
tile_6144-2304.jp2,mask_tile_6144-2304.jp2
tile_6144-256.jp2,mask_tile_6144-256.jp2
tile_6144-2560.jp2,mask_tile_6144-2560.jp2
tile_6144-2816.jp2,mask_tile_6144-2816.jp2
tile_6144-3072.jp2,mask_tile_6144-3072.jp2
tile_6144-3328.jp2,mask_tile_6144-3328.jp2
tile_6144-3584.jp2,mask_tile_6144-3584.jp2
tile_6144-3840.jp2,mask_tile_6144-3840.jp2
tile_6144-4096.jp2,mask_tile_6144-4096.jp2
tile_6144-4352.jp2,mask_tile_6144-4352.jp2
tile_6144-4608.jp2,mask_tile_6144-4608.jp2
tile_6144-4864.jp2,mask_tile_6144-4864.jp2
tile_6144-512.jp2,mask_tile_6144-512.jp2
tile_6144-5120.jp2,mask_tile_6144-5120.jp2
tile_6144-5376.jp2,mask_tile_6144-5376.jp2
tile_6144-5632.jp2,mask_tile_6144-5632.jp2
tile_6144-5888.jp2,mask_tile_6144-5888.jp2
tile_6144-6144.jp2,mask_tile_6144-6144.jp2
tile_6144-6400.jp2,mask_tile_6144-6400.jp2
tile_6144-6656.jp2,mask_tile_6144-6656.jp2
tile_6144-6912.jp2,mask_tile_6144-6912.jp2
tile_6144-7168.jp2,mask_tile_6144-7168.jp2
tile_6144-7424.jp2,mask_tile_6144-7424.jp2
tile_6144-768.jp2,mask_tile_6144-768.jp2
tile_6144-7680.jp2,mask_tile_6144-7680.jp2
tile_6144-7936.jp2,mask_tile_6144-7936.jp2
tile_6144-8192.jp2,mask_tile_6144-8192.jp2
tile_6144-8448.jp2,mask_tile_6144-8448.jp2
tile_6144-8704.jp2,mask_tile_6144-8704.jp2
tile_6144-8960.jp2,mask_tile_6144-8960.jp2
tile_6144-9216.jp2,mask_tile_6144-9216.jp2
tile_6144-9472.jp2,mask_tile_6144-9472.jp2
tile_6144-9728.jp2,mask_tile_6144-9728.jp2
tile_6144-9984.jp2,mask_tile_6144-9984.jp2
tile_6400-0.jp2,mask_tile_6400-0.jp2
tile_6400-1024.jp2,mask_tile_6400-1024.jp2
tile_6400-10240.jp2,mask_tile_6400-10240.jp2
tile_6400-10496.jp2,mask_tile_6400-10496.jp2
tile_6400-10752.jp2,mask_tile_6400-10752.jp2
tile_6400-1280.jp2,mask_tile_6400-1280.jp2
tile_6400-1536.jp2,mask_tile_6400-1536.jp2
tile_6400-1792.jp2,mask_tile_6400-1792.jp2
tile_6400-2048.jp2,mask_tile_6400-2048.jp2
tile_6400-2304.jp2,mask_tile_6400-2304.jp2
tile_6400-256.jp2,mask_tile_6400-256.jp2
tile_6400-2560.jp2,mask_tile_6400-2560.jp2
tile_6400-2816.jp2,mask_tile_6400-2816.jp2
tile_6400-3072.jp2,mask_tile_6400-3072.jp2
tile_6400-3328.jp2,mask_tile_6400-3328.jp2
tile_6400-3584.jp2,mask_tile_6400-3584.jp2
tile_6400-3840.jp2,mask_tile_6400-3840.jp2
tile_6400-4096.jp2,mask_tile_6400-4096.jp2
tile_6400-4352.jp2,mask_tile_6400-4352.jp2
tile_6400-4608.jp2,mask_tile_6400-4608.jp2
tile_6400-4864.jp2,mask_tile_6400-4864.jp2
tile_6400-512.jp2,mask_tile_6400-512.jp2
tile_6400-5120.jp2,mask_tile_6400-5120.jp2
tile_6400-5376.jp2,mask_tile_6400-5376.jp2
tile_6400-5632.jp2,mask_tile_6400-5632.jp2
tile_6400-5888.jp2,mask_tile_6400-5888.jp2
tile_6400-6144.jp2,mask_tile_6400-6144.jp2
tile_6400-6400.jp2,mask_tile_6400-6400.jp2
tile_6400-6656.jp2,mask_tile_6400-6656.jp2
tile_6400-6912.jp2,mask_tile_6400-6912.jp2
tile_6400-7168.jp2,mask_tile_6400-7168.jp2
tile_6400-7424.jp2,mask_tile_6400-7424.jp2
tile_6400-768.jp2,mask_tile_6400-768.jp2
tile_6400-7680.jp2,mask_tile_6400-7680.jp2
tile_6400-7936.jp2,mask_tile_6400-7936.jp2
tile_6400-8192.jp2,mask_tile_6400-8192.jp2
tile_6400-8448.jp2,mask_tile_6400-8448.jp2
tile_6400-8704.jp2,mask_tile_6400-8704.jp2
tile_6400-8960.jp2,mask_tile_6400-8960.jp2
tile_6400-9216.jp2,mask_tile_6400-9216.jp2
tile_6400-9472.jp2,mask_tile_6400-9472.jp2
tile_6400-9728.jp2,mask_tile_6400-9728.jp2
tile_6400-9984.jp2,mask_tile_6400-9984.jp2
tile_6656-0.jp2,mask_tile_6656-0.jp2
tile_6656-1024.jp2,mask_tile_6656-1024.jp2
tile_6656-10240.jp2,mask_tile_6656-10240.jp2
tile_6656-10496.jp2,mask_tile_6656-10496.jp2
tile_6656-10752.jp2,mask_tile_6656-10752.jp2
tile_6656-1280.jp2,mask_tile_6656-1280.jp2
tile_6656-1536.jp2,mask_tile_6656-1536.jp2
tile_6656-1792.jp2,mask_tile_6656-1792.jp2
tile_6656-2048.jp2,mask_tile_6656-2048.jp2
tile_6656-2304.jp2,mask_tile_6656-2304.jp2
tile_6656-256.jp2,mask_tile_6656-256.jp2
tile_6656-2560.jp2,mask_tile_6656-2560.jp2
tile_6656-2816.jp2,mask_tile_6656-2816.jp2
tile_6656-3072.jp2,mask_tile_6656-3072.jp2
tile_6656-3328.jp2,mask_tile_6656-3328.jp2
tile_6656-3584.jp2,mask_tile_6656-3584.jp2
tile_6656-3840.jp2,mask_tile_6656-3840.jp2
tile_6656-4096.jp2,mask_tile_6656-4096.jp2
tile_6656-4352.jp2,mask_tile_6656-4352.jp2
tile_6656-4608.jp2,mask_tile_6656-4608.jp2
tile_6656-4864.jp2,mask_tile_6656-4864.jp2
tile_6656-512.jp2,mask_tile_6656-512.jp2
tile_6656-5120.jp2,mask_tile_6656-5120.jp2
tile_6656-5376.jp2,mask_tile_6656-5376.jp2
tile_6656-5632.jp2,mask_tile_6656-5632.jp2
tile_6656-5888.jp2,mask_tile_6656-5888.jp2
tile_6656-6144.jp2,mask_tile_6656-6144.jp2
tile_6656-6400.jp2,mask_tile_6656-6400.jp2
tile_6656-6656.jp2,mask_tile_6656-6656.jp2
tile_6656-6912.jp2,mask_tile_6656-6912.jp2
tile_6656-7168.jp2,mask_tile_6656-7168.jp2
tile_6656-7424.jp2,mask_tile_6656-7424.jp2
tile_6656-768.jp2,mask_tile_6656-768.jp2
tile_6656-7680.jp2,mask_tile_6656-7680.jp2
tile_6656-7936.jp2,mask_tile_6656-7936.jp2
tile_6656-8192.jp2,mask_tile_6656-8192.jp2
tile_6656-8448.jp2,mask_tile_6656-8448.jp2
tile_6656-8704.jp2,mask_tile_6656-8704.jp2
tile_6656-8960.jp2,mask_tile_6656-8960.jp2
tile_6656-9216.jp2,mask_tile_6656-9216.jp2
tile_6656-9472.jp2,mask_tile_6656-9472.jp2
tile_6656-9728.jp2,mask_tile_6656-9728.jp2
tile_6656-9984.jp2,mask_tile_6656-9984.jp2
tile_6912-0.jp2,mask_tile_6912-0.jp2
tile_6912-1024.jp2,mask_tile_6912-1024.jp2
tile_6912-10240.jp2,mask_tile_6912-10240.jp2
tile_6912-10496.jp2,mask_tile_6912-10496.jp2
tile_6912-10752.jp2,mask_tile_6912-10752.jp2
tile_6912-1280.jp2,mask_tile_6912-1280.jp2
tile_6912-1536.jp2,mask_tile_6912-1536.jp2
tile_6912-1792.jp2,mask_tile_6912-1792.jp2
tile_6912-2048.jp2,mask_tile_6912-2048.jp2
tile_6912-2304.jp2,mask_tile_6912-2304.jp2
tile_6912-256.jp2,mask_tile_6912-256.jp2
tile_6912-2560.jp2,mask_tile_6912-2560.jp2
tile_6912-2816.jp2,mask_tile_6912-2816.jp2
tile_6912-3072.jp2,mask_tile_6912-3072.jp2
tile_6912-3328.jp2,mask_tile_6912-3328.jp2
tile_6912-3584.jp2,mask_tile_6912-3584.jp2
tile_6912-3840.jp2,mask_tile_6912-3840.jp2
tile_6912-4096.jp2,mask_tile_6912-4096.jp2
tile_6912-4352.jp2,mask_tile_6912-4352.jp2
tile_6912-4608.jp2,mask_tile_6912-4608.jp2
tile_6912-4864.jp2,mask_tile_6912-4864.jp2
tile_6912-512.jp2,mask_tile_6912-512.jp2
tile_6912-5120.jp2,mask_tile_6912-5120.jp2
tile_6912-5376.jp2,mask_tile_6912-5376.jp2
tile_6912-5632.jp2,mask_tile_6912-5632.jp2
tile_6912-5888.jp2,mask_tile_6912-5888.jp2
tile_6912-6144.jp2,mask_tile_6912-6144.jp2
tile_6912-6400.jp2,mask_tile_6912-6400.jp2
tile_6912-6656.jp2,mask_tile_6912-6656.jp2
tile_6912-6912.jp2,mask_tile_6912-6912.jp2
tile_6912-7168.jp2,mask_tile_6912-7168.jp2
tile_6912-7424.jp2,mask_tile_6912-7424.jp2
tile_6912-768.jp2,mask_tile_6912-768.jp2
tile_6912-7680.jp2,mask_tile_6912-7680.jp2
tile_6912-7936.jp2,mask_tile_6912-7936.jp2
tile_6912-8192.jp2,mask_tile_6912-8192.jp2
tile_6912-8448.jp2,mask_tile_6912-8448.jp2
tile_6912-8704.jp2,mask_tile_6912-8704.jp2
tile_6912-8960.jp2,mask_tile_6912-8960.jp2
tile_6912-9216.jp2,mask_tile_6912-9216.jp2
tile_6912-9472.jp2,mask_tile_6912-9472.jp2
tile_6912-9728.jp2,mask_tile_6912-9728.jp2
tile_6912-9984.jp2,mask_tile_6912-9984.jp2
tile_7168-0.jp2,mask_tile_7168-0.jp2
tile_7168-1024.jp2,mask_tile_7168-1024.jp2
tile_7168-10240.jp2,mask_tile_7168-10240.jp2
tile_7168-10496.jp2,mask_tile_7168-10496.jp2
tile_7168-10752.jp2,mask_tile_7168-10752.jp2
tile_7168-1280.jp2,mask_tile_7168-1280.jp2
tile_7168-1536.jp2,mask_tile_7168-1536.jp2
tile_7168-1792.jp2,mask_tile_7168-1792.jp2
tile_7168-2048.jp2,mask_tile_7168-2048.jp2
tile_7168-2304.jp2,mask_tile_7168-2304.jp2
tile_7168-256.jp2,mask_tile_7168-256.jp2
tile_7168-2560.jp2,mask_tile_7168-2560.jp2
tile_7168-2816.jp2,mask_tile_7168-2816.jp2
tile_7168-3072.jp2,mask_tile_7168-3072.jp2
tile_7168-3328.jp2,mask_tile_7168-3328.jp2
tile_7168-3584.jp2,mask_tile_7168-3584.jp2
tile_7168-3840.jp2,mask_tile_7168-3840.jp2
tile_7168-4096.jp2,mask_tile_7168-4096.jp2
tile_7168-4352.jp2,mask_tile_7168-4352.jp2
tile_7168-4608.jp2,mask_tile_7168-4608.jp2
tile_7168-4864.jp2,mask_tile_7168-4864.jp2
tile_7168-512.jp2,mask_tile_7168-512.jp2
tile_7168-5120.jp2,mask_tile_7168-5120.jp2
tile_7168-5376.jp2,mask_tile_7168-5376.jp2
tile_7168-5632.jp2,mask_tile_7168-5632.jp2
tile_7168-5888.jp2,mask_tile_7168-5888.jp2
tile_7168-6144.jp2,mask_tile_7168-6144.jp2
tile_7168-6400.jp2,mask_tile_7168-6400.jp2
tile_7168-6656.jp2,mask_tile_7168-6656.jp2
tile_7168-6912.jp2,mask_tile_7168-6912.jp2
tile_7168-7168.jp2,mask_tile_7168-7168.jp2
tile_7168-7424.jp2,mask_tile_7168-7424.jp2
tile_7168-768.jp2,mask_tile_7168-768.jp2
tile_7168-7680.jp2,mask_tile_7168-7680.jp2
tile_7168-7936.jp2,mask_tile_7168-7936.jp2
tile_7168-8192.jp2,mask_tile_7168-8192.jp2
tile_7168-8448.jp2,mask_tile_7168-8448.jp2
tile_7168-8704.jp2,mask_tile_7168-8704.jp2
tile_7168-8960.jp2,mask_tile_7168-8960.jp2
tile_7168-9216.jp2,mask_tile_7168-9216.jp2
tile_7168-9472.jp2,mask_tile_7168-9472.jp2
tile_7168-9728.jp2,mask_tile_7168-9728.jp2
tile_7168-9984.jp2,mask_tile_7168-9984.jp2
tile_7424-0.jp2,mask_tile_7424-0.jp2
tile_7424-1024.jp2,mask_tile_7424-1024.jp2
tile_7424-10240.jp2,mask_tile_7424-10240.jp2
tile_7424-10496.jp2,mask_tile_7424-10496.jp2
tile_7424-10752.jp2,mask_tile_7424-10752.jp2
tile_7424-1280.jp2,mask_tile_7424-1280.jp2
tile_7424-1536.jp2,mask_tile_7424-1536.jp2
tile_7424-1792.jp2,mask_tile_7424-1792.jp2
tile_7424-2048.jp2,mask_tile_7424-2048.jp2
tile_7424-2304.jp2,mask_tile_7424-2304.jp2
tile_7424-256.jp2,mask_tile_7424-256.jp2
tile_7424-2560.jp2,mask_tile_7424-2560.jp2
tile_7424-2816.jp2,mask_tile_7424-2816.jp2
tile_7424-3072.jp2,mask_tile_7424-3072.jp2
tile_7424-3328.jp2,mask_tile_7424-3328.jp2
tile_7424-3584.jp2,mask_tile_7424-3584.jp2
tile_7424-3840.jp2,mask_tile_7424-3840.jp2
tile_7424-4096.jp2,mask_tile_7424-4096.jp2
tile_7424-4352.jp2,mask_tile_7424-4352.jp2
tile_7424-4608.jp2,mask_tile_7424-4608.jp2
tile_7424-4864.jp2,mask_tile_7424-4864.jp2
tile_7424-512.jp2,mask_tile_7424-512.jp2
tile_7424-5120.jp2,mask_tile_7424-5120.jp2
tile_7424-5376.jp2,mask_tile_7424-5376.jp2
tile_7424-5632.jp2,mask_tile_7424-5632.jp2
tile_7424-5888.jp2,mask_tile_7424-5888.jp2
tile_7424-6144.jp2,mask_tile_7424-6144.jp2
tile_7424-6400.jp2,mask_tile_7424-6400.jp2
tile_7424-6656.jp2,mask_tile_7424-6656.jp2
tile_7424-6912.jp2,mask_tile_7424-6912.jp2
tile_7424-7168.jp2,mask_tile_7424-7168.jp2
tile_7424-7424.jp2,mask_tile_7424-7424.jp2
tile_7424-768.jp2,mask_tile_7424-768.jp2
tile_7424-7680.jp2,mask_tile_7424-7680.jp2
tile_7424-7936.jp2,mask_tile_7424-7936.jp2
tile_7424-8192.jp2,mask_tile_7424-8192.jp2
tile_7424-8448.jp2,mask_tile_7424-8448.jp2
tile_7424-8704.jp2,mask_tile_7424-8704.jp2
tile_7424-8960.jp2,mask_tile_7424-8960.jp2
tile_7424-9216.jp2,mask_tile_7424-9216.jp2
tile_7424-9472.jp2,mask_tile_7424-9472.jp2
tile_7424-9728.jp2,mask_tile_7424-9728.jp2
tile_7424-9984.jp2,mask_tile_7424-9984.jp2
tile_768-0.jp2,mask_tile_768-0.jp2
tile_768-1024.jp2,mask_tile_768-1024.jp2
tile_768-10240.jp2,mask_tile_768-10240.jp2
tile_768-10496.jp2,mask_tile_768-10496.jp2
tile_768-10752.jp2,mask_tile_768-10752.jp2
tile_768-1280.jp2,mask_tile_768-1280.jp2
tile_768-1536.jp2,mask_tile_768-1536.jp2
tile_768-1792.jp2,mask_tile_768-1792.jp2
tile_768-2048.jp2,mask_tile_768-2048.jp2
tile_768-2304.jp2,mask_tile_768-2304.jp2
tile_768-256.jp2,mask_tile_768-256.jp2
tile_768-2560.jp2,mask_tile_768-2560.jp2
tile_768-2816.jp2,mask_tile_768-2816.jp2
tile_768-3072.jp2,mask_tile_768-3072.jp2
tile_768-3328.jp2,mask_tile_768-3328.jp2
tile_768-3584.jp2,mask_tile_768-3584.jp2
tile_768-3840.jp2,mask_tile_768-3840.jp2
tile_768-4096.jp2,mask_tile_768-4096.jp2
tile_768-4352.jp2,mask_tile_768-4352.jp2
tile_768-4608.jp2,mask_tile_768-4608.jp2
tile_768-4864.jp2,mask_tile_768-4864.jp2
tile_768-512.jp2,mask_tile_768-512.jp2
tile_768-5120.jp2,mask_tile_768-5120.jp2
tile_768-5376.jp2,mask_tile_768-5376.jp2
tile_768-5632.jp2,mask_tile_768-5632.jp2
tile_768-5888.jp2,mask_tile_768-5888.jp2
tile_768-6144.jp2,mask_tile_768-6144.jp2
tile_768-6400.jp2,mask_tile_768-6400.jp2
tile_768-6656.jp2,mask_tile_768-6656.jp2
tile_768-6912.jp2,mask_tile_768-6912.jp2
tile_768-7168.jp2,mask_tile_768-7168.jp2
tile_768-7424.jp2,mask_tile_768-7424.jp2
tile_768-768.jp2,mask_tile_768-768.jp2
tile_768-7680.jp2,mask_tile_768-7680.jp2
tile_768-7936.jp2,mask_tile_768-7936.jp2
tile_768-8192.jp2,mask_tile_768-8192.jp2
tile_768-8448.jp2,mask_tile_768-8448.jp2
tile_768-8704.jp2,mask_tile_768-8704.jp2
tile_768-8960.jp2,mask_tile_768-8960.jp2
tile_768-9216.jp2,mask_tile_768-9216.jp2
tile_768-9472.jp2,mask_tile_768-9472.jp2
tile_768-9728.jp2,mask_tile_768-9728.jp2
tile_768-9984.jp2,mask_tile_768-9984.jp2
tile_7680-0.jp2,mask_tile_7680-0.jp2
tile_7680-1024.jp2,mask_tile_7680-1024.jp2
tile_7680-10240.jp2,mask_tile_7680-10240.jp2
tile_7680-10496.jp2,mask_tile_7680-10496.jp2
tile_7680-10752.jp2,mask_tile_7680-10752.jp2
tile_7680-1280.jp2,mask_tile_7680-1280.jp2
tile_7680-1536.jp2,mask_tile_7680-1536.jp2
tile_7680-1792.jp2,mask_tile_7680-1792.jp2
tile_7680-2048.jp2,mask_tile_7680-2048.jp2
tile_7680-2304.jp2,mask_tile_7680-2304.jp2
tile_7680-256.jp2,mask_tile_7680-256.jp2
tile_7680-2560.jp2,mask_tile_7680-2560.jp2
tile_7680-2816.jp2,mask_tile_7680-2816.jp2
tile_7680-3072.jp2,mask_tile_7680-3072.jp2
tile_7680-3328.jp2,mask_tile_7680-3328.jp2
tile_7680-3584.jp2,mask_tile_7680-3584.jp2
tile_7680-3840.jp2,mask_tile_7680-3840.jp2
tile_7680-4096.jp2,mask_tile_7680-4096.jp2
tile_7680-4352.jp2,mask_tile_7680-4352.jp2
tile_7680-4608.jp2,mask_tile_7680-4608.jp2
tile_7680-4864.jp2,mask_tile_7680-4864.jp2
tile_7680-512.jp2,mask_tile_7680-512.jp2
tile_7680-5120.jp2,mask_tile_7680-5120.jp2
tile_7680-5376.jp2,mask_tile_7680-5376.jp2
tile_7680-5632.jp2,mask_tile_7680-5632.jp2
tile_7680-5888.jp2,mask_tile_7680-5888.jp2
tile_7680-6144.jp2,mask_tile_7680-6144.jp2
tile_7680-6400.jp2,mask_tile_7680-6400.jp2
tile_7680-6656.jp2,mask_tile_7680-6656.jp2
tile_7680-6912.jp2,mask_tile_7680-6912.jp2
tile_7680-7168.jp2,mask_tile_7680-7168.jp2
tile_7680-7424.jp2,mask_tile_7680-7424.jp2
tile_7680-768.jp2,mask_tile_7680-768.jp2
tile_7680-7680.jp2,mask_tile_7680-7680.jp2
tile_7680-7936.jp2,mask_tile_7680-7936.jp2
tile_7680-8192.jp2,mask_tile_7680-8192.jp2
tile_7680-8448.jp2,mask_tile_7680-8448.jp2
tile_7680-8704.jp2,mask_tile_7680-8704.jp2
tile_7680-8960.jp2,mask_tile_7680-8960.jp2
tile_7680-9216.jp2,mask_tile_7680-9216.jp2
tile_7680-9472.jp2,mask_tile_7680-9472.jp2
tile_7680-9728.jp2,mask_tile_7680-9728.jp2
tile_7680-9984.jp2,mask_tile_7680-9984.jp2
tile_7936-0.jp2,mask_tile_7936-0.jp2
tile_7936-1024.jp2,mask_tile_7936-1024.jp2
tile_7936-10240.jp2,mask_tile_7936-10240.jp2
tile_7936-10496.jp2,mask_tile_7936-10496.jp2
tile_7936-10752.jp2,mask_tile_7936-10752.jp2
tile_7936-1280.jp2,mask_tile_7936-1280.jp2
tile_7936-1536.jp2,mask_tile_7936-1536.jp2
tile_7936-1792.jp2,mask_tile_7936-1792.jp2
tile_7936-2048.jp2,mask_tile_7936-2048.jp2
tile_7936-2304.jp2,mask_tile_7936-2304.jp2
tile_7936-256.jp2,mask_tile_7936-256.jp2
tile_7936-2560.jp2,mask_tile_7936-2560.jp2
tile_7936-2816.jp2,mask_tile_7936-2816.jp2
tile_7936-3072.jp2,mask_tile_7936-3072.jp2
tile_7936-3328.jp2,mask_tile_7936-3328.jp2
tile_7936-3584.jp2,mask_tile_7936-3584.jp2
tile_7936-3840.jp2,mask_tile_7936-3840.jp2
tile_7936-4096.jp2,mask_tile_7936-4096.jp2
tile_7936-4352.jp2,mask_tile_7936-4352.jp2
tile_7936-4608.jp2,mask_tile_7936-4608.jp2
tile_7936-4864.jp2,mask_tile_7936-4864.jp2
tile_7936-512.jp2,mask_tile_7936-512.jp2
tile_7936-5120.jp2,mask_tile_7936-5120.jp2
tile_7936-5376.jp2,mask_tile_7936-5376.jp2
tile_7936-5632.jp2,mask_tile_7936-5632.jp2
tile_7936-5888.jp2,mask_tile_7936-5888.jp2
tile_7936-6144.jp2,mask_tile_7936-6144.jp2
tile_7936-6400.jp2,mask_tile_7936-6400.jp2
tile_7936-6656.jp2,mask_tile_7936-6656.jp2
tile_7936-6912.jp2,mask_tile_7936-6912.jp2
tile_7936-7168.jp2,mask_tile_7936-7168.jp2
tile_7936-7424.jp2,mask_tile_7936-7424.jp2
tile_7936-768.jp2,mask_tile_7936-768.jp2
tile_7936-7680.jp2,mask_tile_7936-7680.jp2
tile_7936-7936.jp2,mask_tile_7936-7936.jp2
tile_7936-8192.jp2,mask_tile_7936-8192.jp2
tile_7936-8448.jp2,mask_tile_7936-8448.jp2
tile_7936-8704.jp2,mask_tile_7936-8704.jp2
tile_7936-8960.jp2,mask_tile_7936-8960.jp2
tile_7936-9216.jp2,mask_tile_7936-9216.jp2
tile_7936-9472.jp2,mask_tile_7936-9472.jp2
tile_7936-9728.jp2,mask_tile_7936-9728.jp2
tile_7936-9984.jp2,mask_tile_7936-9984.jp2
tile_8192-0.jp2,mask_tile_8192-0.jp2
tile_8192-1024.jp2,mask_tile_8192-1024.jp2
tile_8192-10240.jp2,mask_tile_8192-10240.jp2
tile_8192-10496.jp2,mask_tile_8192-10496.jp2
tile_8192-10752.jp2,mask_tile_8192-10752.jp2
tile_8192-1280.jp2,mask_tile_8192-1280.jp2
tile_8192-1536.jp2,mask_tile_8192-1536.jp2
tile_8192-1792.jp2,mask_tile_8192-1792.jp2
tile_8192-2048.jp2,mask_tile_8192-2048.jp2
tile_8192-2304.jp2,mask_tile_8192-2304.jp2
tile_8192-256.jp2,mask_tile_8192-256.jp2
tile_8192-2560.jp2,mask_tile_8192-2560.jp2
tile_8192-2816.jp2,mask_tile_8192-2816.jp2
tile_8192-3072.jp2,mask_tile_8192-3072.jp2
tile_8192-3328.jp2,mask_tile_8192-3328.jp2
tile_8192-3584.jp2,mask_tile_8192-3584.jp2
tile_8192-3840.jp2,mask_tile_8192-3840.jp2
tile_8192-4096.jp2,mask_tile_8192-4096.jp2
tile_8192-4352.jp2,mask_tile_8192-4352.jp2
tile_8192-4608.jp2,mask_tile_8192-4608.jp2
tile_8192-4864.jp2,mask_tile_8192-4864.jp2
tile_8192-512.jp2,mask_tile_8192-512.jp2
tile_8192-5120.jp2,mask_tile_8192-5120.jp2
tile_8192-5376.jp2,mask_tile_8192-5376.jp2
tile_8192-5632.jp2,mask_tile_8192-5632.jp2
tile_8192-5888.jp2,mask_tile_8192-5888.jp2
tile_8192-6144.jp2,mask_tile_8192-6144.jp2
tile_8192-6400.jp2,mask_tile_8192-6400.jp2
tile_8192-6656.jp2,mask_tile_8192-6656.jp2
tile_8192-6912.jp2,mask_tile_8192-6912.jp2
tile_8192-7168.jp2,mask_tile_8192-7168.jp2
tile_8192-7424.jp2,mask_tile_8192-7424.jp2
tile_8192-768.jp2,mask_tile_8192-768.jp2
tile_8192-7680.jp2,mask_tile_8192-7680.jp2
tile_8192-7936.jp2,mask_tile_8192-7936.jp2
tile_8192-8192.jp2,mask_tile_8192-8192.jp2
tile_8192-8448.jp2,mask_tile_8192-8448.jp2
tile_8192-8704.jp2,mask_tile_8192-8704.jp2
tile_8192-8960.jp2,mask_tile_8192-8960.jp2
tile_8192-9216.jp2,mask_tile_8192-9216.jp2
tile_8192-9472.jp2,mask_tile_8192-9472.jp2
tile_8192-9728.jp2,mask_tile_8192-9728.jp2
tile_8192-9984.jp2,mask_tile_8192-9984.jp2
tile_8448-0.jp2,mask_tile_8448-0.jp2
tile_8448-1024.jp2,mask_tile_8448-1024.jp2
tile_8448-10240.jp2,mask_tile_8448-10240.jp2
tile_8448-10496.jp2,mask_tile_8448-10496.jp2
tile_8448-10752.jp2,mask_tile_8448-10752.jp2
tile_8448-1280.jp2,mask_tile_8448-1280.jp2
tile_8448-1536.jp2,mask_tile_8448-1536.jp2
tile_8448-1792.jp2,mask_tile_8448-1792.jp2
tile_8448-2048.jp2,mask_tile_8448-2048.jp2
tile_8448-2304.jp2,mask_tile_8448-2304.jp2
tile_8448-256.jp2,mask_tile_8448-256.jp2
tile_8448-2560.jp2,mask_tile_8448-2560.jp2
tile_8448-2816.jp2,mask_tile_8448-2816.jp2
tile_8448-3072.jp2,mask_tile_8448-3072.jp2
tile_8448-3328.jp2,mask_tile_8448-3328.jp2
tile_8448-3584.jp2,mask_tile_8448-3584.jp2
tile_8448-3840.jp2,mask_tile_8448-3840.jp2
tile_8448-4096.jp2,mask_tile_8448-4096.jp2
tile_8448-4352.jp2,mask_tile_8448-4352.jp2
tile_8448-4608.jp2,mask_tile_8448-4608.jp2
tile_8448-4864.jp2,mask_tile_8448-4864.jp2
tile_8448-512.jp2,mask_tile_8448-512.jp2
tile_8448-5120.jp2,mask_tile_8448-5120.jp2
tile_8448-5376.jp2,mask_tile_8448-5376.jp2
tile_8448-5632.jp2,mask_tile_8448-5632.jp2
tile_8448-5888.jp2,mask_tile_8448-5888.jp2
tile_8448-6144.jp2,mask_tile_8448-6144.jp2
tile_8448-6400.jp2,mask_tile_8448-6400.jp2
tile_8448-6656.jp2,mask_tile_8448-6656.jp2
tile_8448-6912.jp2,mask_tile_8448-6912.jp2
tile_8448-7168.jp2,mask_tile_8448-7168.jp2
tile_8448-7424.jp2,mask_tile_8448-7424.jp2
tile_8448-768.jp2,mask_tile_8448-768.jp2
tile_8448-7680.jp2,mask_tile_8448-7680.jp2
tile_8448-7936.jp2,mask_tile_8448-7936.jp2
tile_8448-8192.jp2,mask_tile_8448-8192.jp2
tile_8448-8448.jp2,mask_tile_8448-8448.jp2
tile_8448-8704.jp2,mask_tile_8448-8704.jp2
tile_8448-8960.jp2,mask_tile_8448-8960.jp2
tile_8448-9216.jp2,mask_tile_8448-9216.jp2
tile_8448-9472.jp2,mask_tile_8448-9472.jp2
tile_8448-9728.jp2,mask_tile_8448-9728.jp2
tile_8448-9984.jp2,mask_tile_8448-9984.jp2
tile_8704-0.jp2,mask_tile_8704-0.jp2
tile_8704-1024.jp2,mask_tile_8704-1024.jp2
tile_8704-10240.jp2,mask_tile_8704-10240.jp2
tile_8704-10496.jp2,mask_tile_8704-10496.jp2
tile_8704-10752.jp2,mask_tile_8704-10752.jp2
tile_8704-1280.jp2,mask_tile_8704-1280.jp2
tile_8704-1536.jp2,mask_tile_8704-1536.jp2
tile_8704-1792.jp2,mask_tile_8704-1792.jp2
tile_8704-2048.jp2,mask_tile_8704-2048.jp2
tile_8704-2304.jp2,mask_tile_8704-2304.jp2
tile_8704-256.jp2,mask_tile_8704-256.jp2
tile_8704-2560.jp2,mask_tile_8704-2560.jp2
tile_8704-2816.jp2,mask_tile_8704-2816.jp2
tile_8704-3072.jp2,mask_tile_8704-3072.jp2
tile_8704-3328.jp2,mask_tile_8704-3328.jp2
tile_8704-3584.jp2,mask_tile_8704-3584.jp2
tile_8704-3840.jp2,mask_tile_8704-3840.jp2
tile_8704-4096.jp2,mask_tile_8704-4096.jp2
tile_8704-4352.jp2,mask_tile_8704-4352.jp2
tile_8704-4608.jp2,mask_tile_8704-4608.jp2
tile_8704-4864.jp2,mask_tile_8704-4864.jp2
tile_8704-512.jp2,mask_tile_8704-512.jp2
tile_8704-5120.jp2,mask_tile_8704-5120.jp2
tile_8704-5376.jp2,mask_tile_8704-5376.jp2
tile_8704-5632.jp2,mask_tile_8704-5632.jp2
tile_8704-5888.jp2,mask_tile_8704-5888.jp2
tile_8704-6144.jp2,mask_tile_8704-6144.jp2
tile_8704-6400.jp2,mask_tile_8704-6400.jp2
tile_8704-6656.jp2,mask_tile_8704-6656.jp2
tile_8704-6912.jp2,mask_tile_8704-6912.jp2
tile_8704-7168.jp2,mask_tile_8704-7168.jp2
tile_8704-7424.jp2,mask_tile_8704-7424.jp2
tile_8704-768.jp2,mask_tile_8704-768.jp2
tile_8704-7680.jp2,mask_tile_8704-7680.jp2
tile_8704-7936.jp2,mask_tile_8704-7936.jp2
tile_8704-8192.jp2,mask_tile_8704-8192.jp2
tile_8704-8448.jp2,mask_tile_8704-8448.jp2
tile_8704-8704.jp2,mask_tile_8704-8704.jp2
tile_8704-8960.jp2,mask_tile_8704-8960.jp2
tile_8704-9216.jp2,mask_tile_8704-9216.jp2
tile_8704-9472.jp2,mask_tile_8704-9472.jp2
tile_8704-9728.jp2,mask_tile_8704-9728.jp2
tile_8704-9984.jp2,mask_tile_8704-9984.jp2
tile_8960-0.jp2,mask_tile_8960-0.jp2
tile_8960-1024.jp2,mask_tile_8960-1024.jp2
tile_8960-10240.jp2,mask_tile_8960-10240.jp2
tile_8960-10496.jp2,mask_tile_8960-10496.jp2
tile_8960-10752.jp2,mask_tile_8960-10752.jp2
tile_8960-1280.jp2,mask_tile_8960-1280.jp2
tile_8960-1536.jp2,mask_tile_8960-1536.jp2
tile_8960-1792.jp2,mask_tile_8960-1792.jp2
tile_8960-2048.jp2,mask_tile_8960-2048.jp2
tile_8960-2304.jp2,mask_tile_8960-2304.jp2
tile_8960-256.jp2,mask_tile_8960-256.jp2
tile_8960-2560.jp2,mask_tile_8960-2560.jp2
tile_8960-2816.jp2,mask_tile_8960-2816.jp2
tile_8960-3072.jp2,mask_tile_8960-3072.jp2
tile_8960-3328.jp2,mask_tile_8960-3328.jp2
tile_8960-3584.jp2,mask_tile_8960-3584.jp2
tile_8960-3840.jp2,mask_tile_8960-3840.jp2
tile_8960-4096.jp2,mask_tile_8960-4096.jp2
tile_8960-4352.jp2,mask_tile_8960-4352.jp2
tile_8960-4608.jp2,mask_tile_8960-4608.jp2
tile_8960-4864.jp2,mask_tile_8960-4864.jp2
tile_8960-512.jp2,mask_tile_8960-512.jp2
tile_8960-5120.jp2,mask_tile_8960-5120.jp2
tile_8960-5376.jp2,mask_tile_8960-5376.jp2
tile_8960-5632.jp2,mask_tile_8960-5632.jp2
tile_8960-5888.jp2,mask_tile_8960-5888.jp2
tile_8960-6144.jp2,mask_tile_8960-6144.jp2
tile_8960-6400.jp2,mask_tile_8960-6400.jp2
tile_8960-6656.jp2,mask_tile_8960-6656.jp2
tile_8960-6912.jp2,mask_tile_8960-6912.jp2
tile_8960-7168.jp2,mask_tile_8960-7168.jp2
tile_8960-7424.jp2,mask_tile_8960-7424.jp2
tile_8960-768.jp2,mask_tile_8960-768.jp2
tile_8960-7680.jp2,mask_tile_8960-7680.jp2
tile_8960-7936.jp2,mask_tile_8960-7936.jp2
tile_8960-8192.jp2,mask_tile_8960-8192.jp2
tile_8960-8448.jp2,mask_tile_8960-8448.jp2
tile_8960-8704.jp2,mask_tile_8960-8704.jp2
tile_8960-8960.jp2,mask_tile_8960-8960.jp2
tile_8960-9216.jp2,mask_tile_8960-9216.jp2
tile_8960-9472.jp2,mask_tile_8960-9472.jp2
tile_8960-9728.jp2,mask_tile_8960-9728.jp2
tile_8960-9984.jp2,mask_tile_8960-9984.jp2
tile_9216-0.jp2,mask_tile_9216-0.jp2
tile_9216-1024.jp2,mask_tile_9216-1024.jp2
tile_9216-10240.jp2,mask_tile_9216-10240.jp2
tile_9216-10496.jp2,mask_tile_9216-10496.jp2
tile_9216-10752.jp2,mask_tile_9216-10752.jp2
tile_9216-1280.jp2,mask_tile_9216-1280.jp2
tile_9216-1536.jp2,mask_tile_9216-1536.jp2
tile_9216-1792.jp2,mask_tile_9216-1792.jp2
tile_9216-2048.jp2,mask_tile_9216-2048.jp2
tile_9216-2304.jp2,mask_tile_9216-2304.jp2
tile_9216-256.jp2,mask_tile_9216-256.jp2
tile_9216-2560.jp2,mask_tile_9216-2560.jp2
tile_9216-2816.jp2,mask_tile_9216-2816.jp2
tile_9216-3072.jp2,mask_tile_9216-3072.jp2
tile_9216-3328.jp2,mask_tile_9216-3328.jp2
tile_9216-3584.jp2,mask_tile_9216-3584.jp2
tile_9216-3840.jp2,mask_tile_9216-3840.jp2
tile_9216-4096.jp2,mask_tile_9216-4096.jp2
tile_9216-4352.jp2,mask_tile_9216-4352.jp2
tile_9216-4608.jp2,mask_tile_9216-4608.jp2
tile_9216-4864.jp2,mask_tile_9216-4864.jp2
tile_9216-512.jp2,mask_tile_9216-512.jp2
tile_9216-5120.jp2,mask_tile_9216-5120.jp2
tile_9216-5376.jp2,mask_tile_9216-5376.jp2
tile_9216-5632.jp2,mask_tile_9216-5632.jp2
tile_9216-5888.jp2,mask_tile_9216-5888.jp2
tile_9216-6144.jp2,mask_tile_9216-6144.jp2
tile_9216-6400.jp2,mask_tile_9216-6400.jp2
tile_9216-6656.jp2,mask_tile_9216-6656.jp2
tile_9216-6912.jp2,mask_tile_9216-6912.jp2
tile_9216-7168.jp2,mask_tile_9216-7168.jp2
tile_9216-7424.jp2,mask_tile_9216-7424.jp2
tile_9216-768.jp2,mask_tile_9216-768.jp2
tile_9216-7680.jp2,mask_tile_9216-7680.jp2
tile_9216-7936.jp2,mask_tile_9216-7936.jp2
tile_9216-8192.jp2,mask_tile_9216-8192.jp2
tile_9216-8448.jp2,mask_tile_9216-8448.jp2
tile_9216-8704.jp2,mask_tile_9216-8704.jp2
tile_9216-8960.jp2,mask_tile_9216-8960.jp2
tile_9216-9216.jp2,mask_tile_9216-9216.jp2
tile_9216-9472.jp2,mask_tile_9216-9472.jp2
tile_9216-9728.jp2,mask_tile_9216-9728.jp2
tile_9216-9984.jp2,mask_tile_9216-9984.jp2
tile_9472-0.jp2,mask_tile_9472-0.jp2
tile_9472-1024.jp2,mask_tile_9472-1024.jp2
tile_9472-10240.jp2,mask_tile_9472-10240.jp2
tile_9472-10496.jp2,mask_tile_9472-10496.jp2
tile_9472-10752.jp2,mask_tile_9472-10752.jp2
tile_9472-1280.jp2,mask_tile_9472-1280.jp2
tile_9472-1536.jp2,mask_tile_9472-1536.jp2
tile_9472-1792.jp2,mask_tile_9472-1792.jp2
tile_9472-2048.jp2,mask_tile_9472-2048.jp2
tile_9472-2304.jp2,mask_tile_9472-2304.jp2
tile_9472-256.jp2,mask_tile_9472-256.jp2
tile_9472-2560.jp2,mask_tile_9472-2560.jp2
tile_9472-2816.jp2,mask_tile_9472-2816.jp2
tile_9472-3072.jp2,mask_tile_9472-3072.jp2
tile_9472-3328.jp2,mask_tile_9472-3328.jp2
tile_9472-3584.jp2,mask_tile_9472-3584.jp2
tile_9472-3840.jp2,mask_tile_9472-3840.jp2
tile_9472-4096.jp2,mask_tile_9472-4096.jp2
tile_9472-4352.jp2,mask_tile_9472-4352.jp2
tile_9472-4608.jp2,mask_tile_9472-4608.jp2
tile_9472-4864.jp2,mask_tile_9472-4864.jp2
tile_9472-512.jp2,mask_tile_9472-512.jp2
tile_9472-5120.jp2,mask_tile_9472-5120.jp2
tile_9472-5376.jp2,mask_tile_9472-5376.jp2
tile_9472-5632.jp2,mask_tile_9472-5632.jp2
tile_9472-5888.jp2,mask_tile_9472-5888.jp2
tile_9472-6144.jp2,mask_tile_9472-6144.jp2
tile_9472-6400.jp2,mask_tile_9472-6400.jp2
tile_9472-6656.jp2,mask_tile_9472-6656.jp2
tile_9472-6912.jp2,mask_tile_9472-6912.jp2
tile_9472-7168.jp2,mask_tile_9472-7168.jp2
tile_9472-7424.jp2,mask_tile_9472-7424.jp2
tile_9472-768.jp2,mask_tile_9472-768.jp2
tile_9472-7680.jp2,mask_tile_9472-7680.jp2
tile_9472-7936.jp2,mask_tile_9472-7936.jp2
tile_9472-8192.jp2,mask_tile_9472-8192.jp2
tile_9472-8448.jp2,mask_tile_9472-8448.jp2
tile_9472-8704.jp2,mask_tile_9472-8704.jp2
tile_9472-8960.jp2,mask_tile_9472-8960.jp2
tile_9472-9216.jp2,mask_tile_9472-9216.jp2
tile_9472-9472.jp2,mask_tile_9472-9472.jp2
tile_9472-9728.jp2,mask_tile_9472-9728.jp2
tile_9472-9984.jp2,mask_tile_9472-9984.jp2
tile_9728-0.jp2,mask_tile_9728-0.jp2
tile_9728-1024.jp2,mask_tile_9728-1024.jp2
tile_9728-10240.jp2,mask_tile_9728-10240.jp2
tile_9728-10496.jp2,mask_tile_9728-10496.jp2
tile_9728-10752.jp2,mask_tile_9728-10752.jp2
tile_9728-1280.jp2,mask_tile_9728-1280.jp2
tile_9728-1536.jp2,mask_tile_9728-1536.jp2
tile_9728-1792.jp2,mask_tile_9728-1792.jp2
tile_9728-2048.jp2,mask_tile_9728-2048.jp2
tile_9728-2304.jp2,mask_tile_9728-2304.jp2
tile_9728-256.jp2,mask_tile_9728-256.jp2
tile_9728-2560.jp2,mask_tile_9728-2560.jp2
tile_9728-2816.jp2,mask_tile_9728-2816.jp2
tile_9728-3072.jp2,mask_tile_9728-3072.jp2
tile_9728-3328.jp2,mask_tile_9728-3328.jp2
tile_9728-3584.jp2,mask_tile_9728-3584.jp2
tile_9728-3840.jp2,mask_tile_9728-3840.jp2
tile_9728-4096.jp2,mask_tile_9728-4096.jp2
tile_9728-4352.jp2,mask_tile_9728-4352.jp2
tile_9728-4608.jp2,mask_tile_9728-4608.jp2
tile_9728-4864.jp2,mask_tile_9728-4864.jp2
tile_9728-512.jp2,mask_tile_9728-512.jp2
tile_9728-5120.jp2,mask_tile_9728-5120.jp2
tile_9728-5376.jp2,mask_tile_9728-5376.jp2
tile_9728-5632.jp2,mask_tile_9728-5632.jp2
tile_9728-5888.jp2,mask_tile_9728-5888.jp2
tile_9728-6144.jp2,mask_tile_9728-6144.jp2
tile_9728-6400.jp2,mask_tile_9728-6400.jp2
tile_9728-6656.jp2,mask_tile_9728-6656.jp2
tile_9728-6912.jp2,mask_tile_9728-6912.jp2
tile_9728-7168.jp2,mask_tile_9728-7168.jp2
tile_9728-7424.jp2,mask_tile_9728-7424.jp2
tile_9728-768.jp2,mask_tile_9728-768.jp2
tile_9728-7680.jp2,mask_tile_9728-7680.jp2
tile_9728-7936.jp2,mask_tile_9728-7936.jp2
tile_9728-8192.jp2,mask_tile_9728-8192.jp2
tile_9728-8448.jp2,mask_tile_9728-8448.jp2
tile_9728-8704.jp2,mask_tile_9728-8704.jp2
tile_9728-8960.jp2,mask_tile_9728-8960.jp2
tile_9728-9216.jp2,mask_tile_9728-9216.jp2
tile_9728-9472.jp2,mask_tile_9728-9472.jp2
tile_9728-9728.jp2,mask_tile_9728-9728.jp2
tile_9728-9984.jp2,mask_tile_9728-9984.jp2
tile_9984-0.jp2,mask_tile_9984-0.jp2
tile_9984-1024.jp2,mask_tile_9984-1024.jp2
tile_9984-10240.jp2,mask_tile_9984-10240.jp2
tile_9984-10496.jp2,mask_tile_9984-10496.jp2
tile_9984-10752.jp2,mask_tile_9984-10752.jp2
tile_9984-1280.jp2,mask_tile_9984-1280.jp2
tile_9984-1536.jp2,mask_tile_9984-1536.jp2
tile_9984-1792.jp2,mask_tile_9984-1792.jp2
tile_9984-2048.jp2,mask_tile_9984-2048.jp2
tile_9984-2304.jp2,mask_tile_9984-2304.jp2
tile_9984-256.jp2,mask_tile_9984-256.jp2
tile_9984-2560.jp2,mask_tile_9984-2560.jp2
tile_9984-2816.jp2,mask_tile_9984-2816.jp2
tile_9984-3072.jp2,mask_tile_9984-3072.jp2
tile_9984-3328.jp2,mask_tile_9984-3328.jp2
tile_9984-3584.jp2,mask_tile_9984-3584.jp2
tile_9984-3840.jp2,mask_tile_9984-3840.jp2
tile_9984-4096.jp2,mask_tile_9984-4096.jp2
tile_9984-4352.jp2,mask_tile_9984-4352.jp2
tile_9984-4608.jp2,mask_tile_9984-4608.jp2
tile_9984-4864.jp2,mask_tile_9984-4864.jp2
tile_9984-512.jp2,mask_tile_9984-512.jp2
tile_9984-5120.jp2,mask_tile_9984-5120.jp2
tile_9984-5376.jp2,mask_tile_9984-5376.jp2
tile_9984-5632.jp2,mask_tile_9984-5632.jp2
tile_9984-5888.jp2,mask_tile_9984-5888.jp2
tile_9984-6144.jp2,mask_tile_9984-6144.jp2
tile_9984-6400.jp2,mask_tile_9984-6400.jp2
tile_9984-6656.jp2,mask_tile_9984-6656.jp2
tile_9984-6912.jp2,mask_tile_9984-6912.jp2
tile_9984-7168.jp2,mask_tile_9984-7168.jp2
tile_9984-7424.jp2,mask_tile_9984-7424.jp2
tile_9984-768.jp2,mask_tile_9984-768.jp2
tile_9984-7680.jp2,mask_tile_9984-7680.jp2
tile_9984-7936.jp2,mask_tile_9984-7936.jp2
tile_9984-8192.jp2,mask_tile_9984-8192.jp2
tile_9984-8448.jp2,mask_tile_9984-8448.jp2
tile_9984-8704.jp2,mask_tile_9984-8704.jp2
tile_9984-8960.jp2,mask_tile_9984-8960.jp2
tile_9984-9216.jp2,mask_tile_9984-9216.jp2
tile_9984-9472.jp2,mask_tile_9984-9472.jp2
tile_9984-9728.jp2,mask_tile_9984-9728.jp2
tile_9984-9984.jp2,mask_tile_9984-9984.jp2
